id,domain,status,purchase_price,renewal_price,attractiveness,demand,length,registrar,created_at,expires_at,status_verified_at
bfd5c040-bcf4-4e34-9b8e-9da52f550e24,clayton.ltda,available,42.98,46.98,medium,low,7,namecheap,,,25/09/2026 21:46
c21222af-7e26-4d32-9aba-10610060fc91,onwards.ltda,available,42.98,46.98,high,low,7,namecheap,,,14/09/2026 19:51
b3b78ba1-0fc3-43c4-bc65-31b483e2689d,score.ltda,available,34.99,34.99,high,low,5,namesilo,,,27/09/2026 18:29
ee90c826-3076-4062-877f-88f8d4dfe6c9,changing.ltda,premium,56.64,33.04,high,low,8,namesilo,,,23/09/2026 13:46
60a6d923-8bb4-433e-a995-947aebb333b6,personally.ltda,available,46.98,,high,low,10,namecheap,,,
85c8c3ad-a7b3-43cb-81e8-c718693bd493,andesite.ltda,available,42.98,46.98,medium,low,8,namecheap,,,19/09/2026 04:04
164d6d1e-e310-4030-ba2b-8dab73af2d6e,wingstem.ltda,available,42.98,46.98,medium,low,8,namecheap,,,17/09/2026 04:57
fb5d0e02-5cbb-4ce6-b8ed-fe307232f823,fibre.ltda,available,34.99,34.99,high,low,5,namesilo,,,27/09/2026 06:59
8a566f07-daca-44be-a74b-f4fe569107af,pussy.ltda,available,34.99,34.99,high,medium,5,namesilo,,,27/09/2026 08:37
19aa40f3-28fb-4132-b341-bbef4383cffa,ventilators.ltda,available,34.99,34.99,medium,low,11,namesilo,,,18/09/2026 23:26
973b43cf-db21-4131-b450-1e49e9a80cdd,lxxxi.ltda,available,34.99,34.99,medium,low,5,namesilo,,,
f6f96a2d-e309-4afc-a6a8-58349f700a85,foggy.ltda,available,34.99,34.99,medium,low,5,namesilo,,,10/08/2026 16:21
cdfae73d-9454-4a1b-b113-3cadb38f6f2d,costal.ltda,available,34.99,34.99,medium,low,6,namesilo,,,13/08/2026 03:04
a7ad4a0e-1a41-41e1-9c62-5b73333bd2d1,claremont.ltda,available,34.99,34.99,high,low,9,namesilo,,,27/09/2026 08:22
f8badefa-c7ca-4085-bfcf-cd4ccf49ee83,bark.ltda,available,34.99,34.99,high,low,4,namesilo,,,22/09/2026 06:15
3f87e352-8474-4fa6-8e6d-11e6dc4d71c4,aragon.ltda,available,34.99,34.99,medium,low,6,namesilo,,,19/09/2026 23:42
1dcb0098-f81e-43d2-bda6-29683e692196,dighted.ltda,available,34.99,34.99,low,low,7,namesilo,,,14/08/2026 07:17
3a956774-de05-4b70-97d7-72ac609f866c,lottery.ltda,available,34.99,34.99,high,low,7,namesilo,,,
b58b6892-8855-4487-8f63-3026497b3f96,mod.ltda,available,34.99,34.99,high,low,3,namesilo,,,25/08/2026 02:27
b384b59f-cbe1-4537-bca9-0af854f6a587,paediatric.ltda,available,34.99,34.99,medium,low,10,namesilo,,,04/09/2026 22:51
b7fe149f-c621-4c08-9f72-53237f0aeaf8,sundays.ltda,available,34.99,34.99,high,low,7,namesilo,,,18/09/2026 10:50
905ea723-c8f2-4e6b-adfd-b5ab97cd34a4,autotelic.ltda,available,42.98,46.98,high,low,9,namecheap,,,07/08/2026 21:08
4bf394dc-29e0-484f-a9f0-4ec6e355262a,abenaki.ltda,available,34.99,34.99,medium,low,7,namesilo,,,
f4f81eb2-45a9-4ce1-916b-23834f79b2ce,octad.ltda,available,34.99,34.99,medium,low,5,namesilo,,,
c0454b74-bdcf-4955-844e-ec0e60296d26,shaken.ltda,available,34.99,34.99,high,low,6,namesilo,,,10/09/2026 05:44
9d361bdb-a969-4f0b-9dff-45bc5aced7a7,nonstop.ltda,available,34.99,34.99,high,low,7,namesilo,,,22/09/2026 08:07
d6f2d138-4668-416d-859c-256a4a1a899f,solidly.ltda,available,34.99,34.99,high,low,7,namesilo,,,16/09/2026 04:03
29c59a72-1de2-4b8c-95a3-7f8f0d732e35,guided.ltda,available,34.99,34.99,high,low,6,namesilo,,,20/08/2026 20:47
9f846674-2a7a-4acf-90d6-b6e4003e61c0,modifiable.ltda,available,34.99,34.99,medium,low,10,namesilo,,,25/08/2026 03:12
579f8f28-71d8-4d27-ab4d-0a0e335219c8,mirrored.ltda,available,34.99,34.99,high,low,8,namesilo,,,25/08/2026 01:11
b3172b95-ec16-4867-b32c-2b82632557a9,contrary.ltda,available,34.99,34.99,high,low,8,namesilo,,,23/09/2026 22:29
a1f0fef8-6f87-44cd-b476-1fa137106eb1,splits.ltda,available,34.99,34.99,high,low,6,namesilo,,,20/09/2026 07:59
07e2736d-2a0a-47ad-95b2-aff0eb276b31,abrogation.ltda,available,49.99,52.99,medium,low,10,name.com,,,16/09/2026 17:14
b0541e5f-92e4-4389-be48-8d491bffa30f,bahrain.ltda,available,,,high,high,7,,,,
812d8c4c-8509-4553-ad28-31940d7350e9,literature.ltda,available,34.99,34.99,high,low,10,namesilo,,,24/08/2026 02:03
83f1bd6f-c8f0-4a4e-87ae-ff2666e0ea5a,inevitable.ltda,available,34.99,34.99,high,low,10,namesilo,,,25/09/2026 09:24
05229a43-1359-4808-bded-dec232e6c552,eighteenth.ltda,available,34.99,34.99,high,low,10,namesilo,,,
25b1d446-6097-42aa-85ca-9177daf00bac,heroin.ltda,available,34.99,34.99,medium,low,6,namesilo,,,24/09/2026 22:03
2daf5036-3c51-4db3-9241-984f849c3108,prow.ltda,available,34.99,34.99,medium,low,4,namesilo,,,18/08/2026 11:28
62ca49b9-4844-4d7a-8847-b8cf9fe96a82,pettifog.ltda,available,34.99,34.99,medium,low,8,namesilo,,,23/09/2026 13:20
76ac32bb-b36e-4401-b1ee-7a820be2dc16,sticking.ltda,available,34.99,34.99,high,low,8,namesilo,,,27/09/2026 06:41
d798eec6-1769-4ca7-bfa9-e8139e22a019,mnemonic.ltda,available,34.99,34.99,high,low,8,namesilo,,,25/08/2026 02:12
6e1ee0b8-3b41-48bf-b064-b3a224e83d3f,wooden.ltda,available,34.99,34.99,high,low,6,namesilo,,,
488b5384-093d-4473-9fea-f45f5e81381c,emotionally.ltda,available,42.98,46.98,high,low,11,namecheap,,,27/09/2026 17:53
cb9f1ea0-1619-4dd7-8426-040bbee3b9a3,broker.ltda,premium,56.64,33.04,high,low,6,namesilo,,,24/09/2026 10:40
1cdac79a-0d10-4105-a345-a23e030ae0d4,mislabeled.ltda,available,34.99,34.99,medium,low,10,namesilo,,,25/08/2026 01:21
17f7df5d-ccf6-4ec6-901c-33b430f5698f,correctly.ltda,available,42.98,46.98,high,low,9,namecheap,,,13/09/2026 20:47
7054e18f-7fd8-4eb5-a891-1c70c1204509,eerie.ltda,available,34.99,34.99,high,low,5,namesilo,,,15/08/2026 12:43
d16b470e-d76c-423a-9a51-b2cda94cf308,goal.ltda,premium,56.64,33.04,high,low,4,namesilo,,,
51c49eaf-4e0d-4e29-bfa3-6ffbc4425cff,general.ltda,premium,60,35,high,low,7,name.com,,,18/08/2026 21:23
039140b8-c625-4eec-ac19-ae3927885a13,bisayan.ltda,available,42.98,46.98,medium,low,7,namecheap,,,23/09/2026 21:29
a1179c61-94eb-4fc0-8042-07f9c462a353,involved.ltda,available,34.99,34.99,high,low,8,namesilo,,,25/09/2026 11:16
af1dd4e1-1e3e-4562-bb10-5e4f8609884e,baronage.ltda,available,34.99,34.99,medium,low,8,namesilo,,,22/09/2026 07:18
88d5b612-9e93-41f5-a3c6-323a8f08905d,potassium.ltda,available,42.98,46.98,high,low,9,namecheap,,,20/09/2026 22:30
4462b2da-d570-4e69-a79b-3ca7241f95ed,acetin.ltda,available,34.99,34.99,medium,low,6,namesilo,,,17/09/2026 00:06
b6e3e873-cdbf-44fd-9cb2-0b2e5fc5c88f,fremont.ltda,available,34.99,34.99,medium,low,7,namesilo,,,27/09/2026 04:04
7bf442fc-259b-451c-b0d9-595f9bfb3749,apiary.ltda,available,34.99,34.99,high,low,6,namesilo,,,19/09/2026 17:20
44f2ffc6-2af5-4d7d-ae96-4c18428dc3f8,tenanted.ltda,available,34.99,34.99,medium,low,8,namesilo,,,11/09/2026 11:09
af482d3f-5854-429c-8898-82afb641e0f3,major.ltda,available,34.99,34.99,high,low,5,namesilo,,,25/09/2026 16:14
0a2b2118-dcc7-4ec5-97a8-0aded10acf7a,wilfred.ltda,available,30.18,30.18,medium,low,7,dynadot,,,28/09/2026 07:49
51c37f6a-b9aa-4445-8efe-3b10f5e7e1c6,admonition.ltda,available,49.99,52.99,medium,low,10,name.com,,,17/09/2026 09:03
e08910ac-3702-4943-96ba-1ba238bebfec,boast.ltda,available,34.99,34.99,high,low,5,namesilo,,,11/08/2026 01:02
9d6955ef-edb0-4426-8345-74bbb62cbbfa,daunting.ltda,available,49.99,52.99,medium,low,8,name.com,,,13/08/2026 18:48
47400778-a56b-40f3-ad05-f8946f454356,regularly.ltda,available,34.99,34.99,medium,low,9,namesilo,,,15/09/2026 17:25
f369f51d-5bab-4f3c-aadf-7f161b55b09a,injuries.ltda,available,29.35,30.16,low,low,8,porkbun,,,27/09/2026 21:38
10c32b4d-f4f5-49e7-9979-7fa938ac6106,sketch.ltda,available,34.99,34.99,high,low,6,namesilo,,,28/09/2026 01:36
f461fe2a-cd10-453c-82e9-64dda77263e9,newsworthy.ltda,available,34.99,34.99,high,low,10,namesilo,,,03/09/2026 16:53
7f35cc97-19c0-44b2-b6ea-0b53d050b97b,carat.ltda,available,42.98,46.98,high,low,5,namecheap,,,24/09/2026 12:45
f3cd3edf-f8d3-4046-9111-d52799d20c2f,bitstock.ltda,available,34.99,34.99,medium,low,8,namesilo,,,23/09/2026 22:47
d084ef65-2afe-4847-8d69-5d7165488cfc,ray.ltda,available,42.98,46.98,high,low,3,namecheap,,,22/09/2026 19:55
b93ce57e-c249-41ff-bba3-986f2752ed33,mutable.ltda,available,34.99,34.99,medium,low,7,namesilo,,,12/08/2026 01:50
407a1881-94de-4e7a-ba91-678258bb55c5,pawpaw.ltda,available,34.99,34.99,medium,low,6,namesilo,,,20/09/2026 14:11
fcf9e5cd-3a29-4d14-8e3d-ec42c2692a63,vandalism.ltda,available,34.99,34.99,medium,low,9,namesilo,,,
ff582b0e-9bfd-4620-9e72-076a59264c8e,eddie.ltda,available,34.99,34.99,high,low,5,namesilo,,,
9017a8d5-ceb2-431b-aa66-808960f5cebe,trivalent.ltda,available,42.98,46.98,medium,low,9,namecheap,,,11/09/2026 20:13
890f7169-fe08-4e0e-b1bf-f1405a5272e6,dissolving.ltda,available,34.99,34.99,high,low,10,namesilo,,,24/09/2026 23:08
12dcb93b-4a94-43da-bf87-b32015717e43,lettuce.ltda,available,46.98,,high,low,7,namecheap,,,
66ad4105-5714-484c-b054-c6861e3e64c0,wrinkle.ltda,available,34.99,34.99,medium,low,7,namesilo,,,13/08/2026 07:11
00794b58-7d83-4d24-b6e2-d309e2b51a4b,riemann.ltda,available,34.99,34.99,high,low,7,namesilo,,,23/09/2026 09:54
463e5e34-4853-4212-9872-cb4c384ff428,grassroots.ltda,available,34.99,34.99,high,low,11,namesilo,,,20/08/2026 18:16
159aa11c-405b-4e0e-b197-6b70459ab231,hoy.ltda,premium,66.3,66.3,high,low,3,namecheap,,,22/09/2026 05:42
6b77c71f-ca77-457f-a706-f4a7e094b33f,excites.ltda,available,34.99,34.99,medium,low,7,namesilo,,,20/09/2026 13:19
19d10860-f045-4397-aad4-5cd1ce19ce7e,descent.ltda,available,34.99,34.99,high,low,7,namesilo,,,08/09/2026 13:07
d8575e3d-cd4f-46cc-a5df-400679d74a79,involving.ltda,available,34.99,34.99,medium,low,9,namesilo,,,
2b07377f-cf5e-49cd-9773-8b871ed31b87,kitty.ltda,available,42.98,46.98,high,low,5,namecheap,,,25/09/2026 23:15
f6fa951f-56a0-42de-9d37-b920509445dc,grumble.ltda,available,42.98,46.98,high,low,7,namecheap,,,20/08/2026 20:38
b513a5a3-2173-4d97-949b-b686ff516c0d,favorite.ltda,available,34.99,34.99,high,low,8,namesilo,,,24/09/2026 04:33
9efd1654-1159-4a22-8ed4-77138dbc650b,mexican.ltda,available,49.99,52.99,high,low,7,name.com,,,25/09/2026 20:01
93dd5b4a-97d1-423b-9c44-66031422d735,ninety.ltda,available,42.98,46.98,high,low,6,namecheap,,,
6987eb20-e860-432b-a2f8-3c2c033a114e,jointly.ltda,available,34.99,34.99,high,low,7,namesilo,,,
ad918025-49f8-475a-805a-ece005c6fe7b,spends.ltda,available,30.18,30.18,medium,low,6,dynadot,,,28/09/2026 08:36
91184de8-a4f9-47ff-91aa-694299f88400,accoutered.ltda,available,34.99,34.99,medium,low,10,namesilo,,,
3f7c4f32-bf15-4631-9f0b-d6dc54f73ad6,faddish.ltda,available,42.98,46.98,medium,low,7,namecheap,,,17/08/2026 20:33
552216e0-cf3a-4df3-ba68-121bb5f29579,tercet.ltda,available,34.99,34.99,medium,low,6,namesilo,,,
6997dbcc-493f-4211-9cc2-51913a825e25,humanely.ltda,available,34.99,34.99,medium,low,8,namesilo,,,15/09/2026 01:17
1c03fcae-9d88-47bd-a83c-c83a1c9c3746,nicolas.ltda,available,34.99,34.99,high,low,7,namesilo,,,25/09/2026 13:18
b4365fbe-31fc-4910-9e28-57ee3319b152,whitefish.ltda,available,34.99,34.99,medium,low,10,namesilo,,,
617d3261-e763-4b3c-ad8e-a2492a86f000,screeching.ltda,available,34.99,34.99,medium,low,10,namesilo,,,09/09/2026 23:59
c90a87b3-815d-4c1d-b32e-1c2eca6a82cc,atom.ltda,available,42.98,46.98,high,medium,4,namecheap,,,20/09/2026 21:53
2059ff33-241b-4f2e-85c4-cdc5f91fe188,levantine.ltda,available,34.99,34.99,high,low,9,namesilo,,,23/08/2026 00:31
3a5bac6c-2d22-4a80-adc2-efad4b4df8d3,husband.ltda,available,34.99,34.99,high,low,7,namesilo,,,
fb1290c5-381f-442f-b9a7-6be3a6ae4403,homophonic.ltda,available,34.99,34.99,medium,low,10,namesilo,,,21/08/2026 13:06
20e27ba3-075b-4fcc-9e77-d82776ab2cc8,holmes.ltda,available,34.99,34.99,high,low,6,namesilo,,,20/09/2026 10:51
f87e4b0f-c522-4b6f-8408-a1abc64fba46,cantabile.ltda,available,34.99,34.99,medium,low,9,namesilo,,,11/08/2026 17:38
71d8baa1-2c9a-4b30-b766-75fd106ada4f,astronaut.ltda,available,42.98,46.98,high,low,9,namecheap,,,20/09/2026 17:56
1cf0cdc6-5947-4647-93d1-65fe01afffef,debatable.ltda,available,49.99,52.99,medium,low,9,name.com,,,13/08/2026 20:12
eef27150-2b10-4282-b102-24706a5d7f62,italic.ltda,available,34.99,34.99,high,low,6,namesilo,,,22/08/2026 11:37
ffcac32d-054c-4803-bdc1-3d7faa582558,drool.ltda,available,34.99,34.99,high,low,5,namesilo,,,21/09/2026 23:48
6dc68311-fc3c-45f9-9849-5c6e069a6542,hercules.ltda,available,34.99,34.99,high,low,8,namesilo,,,
3d2fa28c-8036-4c4c-ab0b-0a451670dd9f,abrocome.ltda,available,49.99,52.99,medium,low,8,name.com,,,16/09/2026 17:14
fa1a90e1-68c2-4f29-9076-10c4fb514803,dismount.ltda,available,34.99,34.99,high,low,8,namesilo,,,24/09/2026 22:48
50f45432-ed91-40ed-a561-430e1c947576,cycling.ltda,premium,56.64,33.04,high,low,7,namesilo,,,24/09/2026 20:45
6598163b-5412-4ed9-abb0-c5e1d437ab99,stylishly.ltda,available,34.99,34.99,medium,low,9,namesilo,,,16/09/2026 07:28
b6b29853-13cb-4b48-996d-f05bffddc53b,amora.ltda,available,34.99,34.99,high,low,5,namesilo,,,18/09/2026 22:38
2d07a581-9b22-4009-b48f-85329ab7b485,dread.ltda,available,34.99,34.99,high,low,5,namesilo,,,14/08/2026 18:38
bc3e5a84-7491-4693-a0c6-0d5a36d309fc,formula.ltda,premium,56.64,33.04,high,low,7,namesilo,,,28/09/2026 08:04
5a519ff4-edcc-4ed5-b480-656d3d6edc42,chickenpox.ltda,available,42.98,46.98,medium,low,10,namecheap,,,24/09/2026 14:28
cd911a61-adb9-46dd-9d22-faa1c645a08b,spender.ltda,available,34.99,34.99,high,low,7,namesilo,,,19/09/2026 09:49
8ef69b58-1cb7-4ec7-87d5-74939326a791,inquisitive.ltda,available,46.98,,high,low,11,namecheap,,,
8dda58d0-62d9-4c57-8e3d-b750da472423,perceiver.ltda,available,34.99,34.99,high,low,9,namesilo,,,08/09/2026 16:18
1311d249-b798-47ae-8a71-a7c09cb008a3,stateless.ltda,available,34.99,34.99,medium,low,9,namesilo,,,21/08/2026 11:01
b439df90-49fc-4fd3-bef0-a1e80d1a140b,dont.ltda,available,34.99,34.99,low,low,4,namesilo,,,17/09/2026 00:37
5b20d632-8c8a-4b91-b269-596f202e8cdd,shit.ltda,available,42.98,46.98,high,medium,4,namecheap,,,22/09/2026 18:05
a1d4f6bf-a6a8-4306-a67b-6e000adc7b91,orangutan.ltda,available,34.99,34.99,high,low,9,namesilo,,,
975c7adc-27bf-4e6e-8288-c4bae93467e0,fiend.ltda,available,34.99,34.99,medium,low,5,namesilo,,,17/08/2026 21:54
803aab63-f565-4b19-9ef0-f66585601e13,dotted.ltda,available,49.99,52.99,medium,low,6,name.com,,,13/08/2026 18:28
23583b36-9a56-4e50-8fc3-4f705a694f5c,reveals.ltda,available,34.99,34.99,medium,low,7,namesilo,,,20/09/2026 06:30
0887fa37-ac02-4636-8042-1cd7df4cfd65,wiper.ltda,available,34.99,34.99,high,low,5,namesilo,,,24/09/2026 17:39
2dad14f7-256f-48dd-aa18-3650c77cc913,todd.ltda,available,34.99,34.99,high,low,4,namesilo,,,25/09/2026 09:07
8b7657dc-7d11-4419-af76-a5d752df946c,medical.ltda,premium,52.8,30.18,high,low,7,dynadot,,,28/09/2026 06:57
1f1ffad8-0c33-4fc4-98a6-2bb2d108fe7e,level.ltda,available,34.99,34.99,high,medium,5,namesilo,,,24/09/2026 15:32
9ca76cc4-a51d-4a69-ac53-a10818177558,deflated.ltda,available,34.99,34.99,medium,low,8,namesilo,,,12/08/2026 02:17
20cda5a1-8018-4ce3-ae3f-dfba36e58358,bridges.ltda,available,46.98,,high,low,7,namecheap,,,
c74b7d9f-7f4c-42c1-86b6-8e217c9ef996,undigested.ltda,available,34.99,34.99,medium,low,10,namesilo,,,12/09/2026 08:01
f2323a2d-40c0-44fb-bcbf-39114c12a7e0,boxes.ltda,available,49.99,52.99,medium,low,5,name.com,,,17/09/2026 04:37
f7d2e48b-dabb-474a-8951-441aea3731ee,adust.ltda,available,34.99,34.99,medium,low,5,namesilo,,,
efbeef34-daad-4c0a-b1de-b38377d0acc5,going.ltda,available,34.99,34.99,high,low,5,namesilo,,,24/09/2026 22:35
58246f04-fc7a-4639-a2fc-3ab39dec3d2f,slovakian.ltda,available,34.99,34.99,medium,low,9,namesilo,,,10/09/2026 11:16
950e8a76-b8ea-4f83-9b66-c5eb10945393,noel.ltda,available,34.99,34.99,high,low,4,namesilo,,,24/09/2026 14:54
7d9e2434-b45c-4dfd-950c-0edcfcbf4a4a,transported.ltda,available,34.99,34.99,medium,low,11,namesilo,,,16/09/2026 07:05
9f7ad04c-8048-4910-b690-6de992089fc7,guile.ltda,available,34.99,34.99,medium,low,5,namesilo,,,13/08/2026 10:41
67b04ba3-a616-41a4-b41f-5520ee9e1ba5,directed.ltda,available,42.98,46.98,high,low,8,namecheap,,,24/09/2026 10:49
6b27c994-358e-461a-9b77-4eaec25cb9e7,wording.ltda,available,34.99,34.99,high,low,7,namesilo,,,
efc0b166-4bcc-49eb-a56e-19af93278e21,alternator.ltda,available,34.99,34.99,medium,low,10,namesilo,,,18/09/2026 14:48
6a29565b-cbb6-4134-8bc5-93c75b3aeaee,bedrock.ltda,available,34.99,34.99,high,low,7,namesilo,,,22/09/2026 10:39
706613c2-5497-4387-92d0-1c93466da8cb,bigfoot.ltda,available,34.99,34.99,high,low,7,namesilo,,,23/09/2026 15:06
42508326-7d98-4212-9fbf-e518c16d6b20,vienna.ltda,available,34.99,34.99,high,low,6,namesilo,,,21/09/2026 04:57
665881ec-57c2-4ddc-a3a7-b167302a9a50,spiders.ltda,available,34.99,34.99,medium,low,7,namesilo,,,16/09/2026 05:32
5defe3c6-5cac-490e-8319-049e9c0f2571,realize.ltda,available,34.99,34.99,high,low,7,namesilo,,,27/09/2026 05:56
bba0627b-160c-44cc-a74c-d9049c493570,warped.ltda,available,34.99,34.99,medium,low,6,namesilo,,,13/09/2026 08:27
97606b28-4096-4530-b7a2-9d03b3dc4886,squad.ltda,available,34.99,34.99,high,low,5,namesilo,,,26/09/2026 00:04
2f1464f2-00b5-4f5c-9ab8-f1e58cae2f46,endearing.ltda,available,42.98,46.98,high,low,9,namecheap,,,21/09/2026 19:24
6d990296-e540-46a9-8fd2-53f357af56b9,rudolph.ltda,available,34.99,34.99,high,low,7,namesilo,,,25/09/2026 14:11
01bef94a-1599-4dcb-bf31-9c808cc34207,rudiment.ltda,available,34.99,34.99,medium,low,8,namesilo,,,16/09/2026 14:36
8f33038e-fef8-4a76-9578-16199a06c61d,airstream.ltda,available,34.99,34.99,high,low,9,namesilo,,,17/09/2026 23:23
adf92c05-e0ed-46c5-9aa0-911439d2440f,hardheaded.ltda,available,34.99,34.99,medium,low,10,namesilo,,,21/08/2026 00:26
921a5036-fae0-459e-a9eb-13e450d3cd09,estates.ltda,premium,56.64,33.04,medium,low,7,namesilo,,,18/09/2026 06:36
f5690567-be19-4825-b4c8-4155a7a5c426,starter.ltda,available,42.98,46.98,high,low,7,namecheap,,,24/09/2026 19:47
980d1635-a954-4524-8b03-38d68161b8cb,surely.ltda,available,42.98,46.98,high,low,6,namecheap,,,24/09/2026 20:56
a5464fef-0909-4564-845e-eea9f6cfca77,allocator.ltda,available,34.99,34.99,high,low,9,namesilo,,,18/09/2026 11:47
c3ba0c51-df6a-4d94-beec-05bce5237aa8,dye.ltda,available,34.99,34.99,high,low,3,namesilo,,,
e8333784-7702-415a-ad4d-3846d7112f14,ararat.ltda,available,34.99,34.99,medium,low,6,namesilo,,,20/09/2026 00:11
314d2993-dbc2-465f-940a-5b7dd666adc8,afterbirth.ltda,available,34.99,34.99,medium,low,10,namesilo,,,17/09/2026 15:34
08fef9e6-1fa3-4035-bc04-4f773c1750ad,sizzling.ltda,available,34.99,34.99,high,low,8,namesilo,,,10/09/2026 09:17
0a5d165d-9211-4947-b0bc-72c89d0750af,soleless.ltda,available,34.99,34.99,low,low,8,namesilo,,,10/09/2026 13:37
24b58cdd-70a1-4f74-af1c-76e7fb6ccacf,praise.ltda,available,34.99,34.99,high,low,6,namesilo,,,
429a73ff-5d1a-436a-9d8b-d5360b9dfb2f,psa.ltda,available,34.99,34.99,high,low,3,namesilo,,,28/09/2026 06:38
7d34144a-a144-4061-aec0-cbef1380ed06,balk.ltda,available,34.99,34.99,medium,low,4,namesilo,,,14/08/2026 04:55
d3336f98-270a-4d0a-b026-bf09df5a17e7,agromania.ltda,available,42.98,46.98,medium,low,9,namecheap,,,17/09/2026 19:38
96224790-4808-4c3e-9cf7-9678bb03705f,aeolian.ltda,available,34.99,34.99,medium,low,7,namesilo,,,
702689e2-666c-4d78-955d-66327a73d2d5,stupefying.ltda,available,42.98,46.98,low,low,10,namecheap,,,10/09/2026 18:10
fb6f1675-29a1-46bc-bb59-47010a7655d2,traitor.ltda,available,34.99,34.99,high,low,7,namesilo,,,27/09/2026 13:08
206b8ac5-e55f-478b-b562-747b5edab967,vapourish.ltda,available,34.99,34.99,medium,low,9,namesilo,,,13/09/2026 01:13
615263b3-a852-4e0b-b3da-ee665178c215,heartburn.ltda,available,34.99,34.99,medium,low,9,namesilo,,,
24164eec-2592-4e3b-b244-c07e7599452d,abstruse.ltda,available,34.99,34.99,medium,low,8,namesilo,,,
bfcfc645-d058-46b6-b95e-5fe7096b80ac,granting.ltda,available,46.98,,high,low,8,namecheap,,,
3e66cc86-d6b7-4826-ab6f-12788be74adb,scars.ltda,available,42.98,46.98,medium,low,5,namecheap,,,20/09/2026 11:02
39ad82d2-39bb-4f50-a5f6-ec2e3f1ed159,weedy.ltda,available,34.99,34.99,medium,low,5,namesilo,,,09/09/2026 23:44
ed6c33e5-8829-49e1-b0bc-5317946b2df9,famed.ltda,available,34.99,34.99,high,low,5,namesilo,,,11/08/2026 23:12
ec3f4e71-4455-411d-8482-daa2dd2052a6,grapey.ltda,available,34.99,34.99,medium,low,6,namesilo,,,20/08/2026 18:06
8242ac86-22fe-4867-81d0-935b21bf51bd,grandpa.ltda,available,46.98,,high,low,7,namecheap,,,
10cc6303-93b8-46a5-a8f2-e545ad7d1084,peach.ltda,available,34.99,34.99,high,low,5,namesilo,,,22/08/2026 16:45
7a14cdde-4f9b-403f-a8a1-edda131cbd7d,charmed.ltda,available,34.99,34.99,high,low,7,namesilo,,,09/08/2026 09:57
adf352cd-7be6-4941-8a4c-700222aff884,chris.ltda,available,34.99,34.99,high,medium,5,namesilo,,,25/09/2026 17:18
fc98d640-22d0-41a1-89d4-4bac6ed7fe3c,cloggy.ltda,available,34.99,34.99,medium,low,6,namesilo,,,12/08/2026 11:46
3f428414-7df4-4c9a-9de5-f4ff2d6ed81f,aves.ltda,available,34.99,34.99,medium,low,4,namesilo,,,21/09/2026 09:17
27f3e68d-6f50-4281-8ba3-b1496c70484d,ivy.ltda,available,34.99,34.99,high,low,3,namesilo,,,
59ed4aa7-f278-4cd8-b239-bec8999e101a,hick.ltda,available,34.99,34.99,medium,low,4,namesilo,,,11/08/2026 09:44
46b3cd72-936e-4599-9cd6-f6d2bf413feb,experience.ltda,premium,56.64,33.04,high,low,10,namesilo,,,
e3bd60c1-8290-4f4c-975c-c6b70e71d6fd,dazed.ltda,available,49.99,52.99,medium,low,5,name.com,,,13/08/2026 18:53
cefd3543-786f-4da9-9785-1bcdafddb3fc,donaldson.ltda,available,34.99,34.99,medium,low,9,namesilo,,,27/09/2026 01:45
fc4be848-9a17-44a3-93f8-c6cfe54ad437,sectarian.ltda,available,34.99,34.99,medium,low,9,namesilo,,,10/09/2026 01:13
e1ae8801-acd7-4d49-b1e5-4869ab0a9c36,exilic.ltda,available,34.99,34.99,medium,low,6,namesilo,,,17/08/2026 17:19
ccaee8d5-1245-416f-ba81-3e0781a5c053,mottled.ltda,available,49.99,52.99,medium,low,7,name.com,,,13/08/2026 17:41
e0221d09-e434-40a1-a0a2-647124457a3c,euphonious.ltda,available,34.99,34.99,medium,low,10,namesilo,,,17/08/2026 14:17
425a07ce-f933-40dc-ad1d-c28cfd4d1207,flex.ltda,available,34.99,34.99,high,medium,4,namesilo,,,23/09/2026 07:41
56b7a7d7-3df5-4a7f-a055-36520adfe936,disastrous.ltda,available,34.99,34.99,medium,low,10,namesilo,,,11/08/2026 13:30
0ed0757b-1bfa-4c3b-b86c-6640b7822035,fools.ltda,available,30.18,30.18,medium,low,5,dynadot,,,27/09/2026 23:44
2ba407b5-e1e3-4d75-8624-756a544ea791,hatched.ltda,available,34.99,34.99,high,low,7,namesilo,,,13/08/2026 08:20
7f83e280-4ba0-4840-8d4c-aa2eca4683c9,fishy.ltda,available,34.99,34.99,high,low,5,namesilo,,,18/08/2026 05:32
e8e3d2e9-c29c-46f8-b7b2-e16e2fabbc21,misused.ltda,available,34.99,34.99,medium,low,7,namesilo,,,25/08/2026 01:56
64588c30-a73f-45c9-b426-be5ccf3a32f1,basting.ltda,available,34.99,34.99,medium,low,7,namesilo,,,22/09/2026 12:43
346dbc1a-4e00-407f-a44f-f448b135b705,vermicular.ltda,available,34.99,34.99,medium,low,10,namesilo,,,13/09/2026 02:27
6fa56ce9-c96d-4318-825f-b9056a3ca3d9,errorless.ltda,available,34.99,34.99,medium,low,9,namesilo,,,17/08/2026 13:01
b5c21dc2-d464-45f1-9ebc-b11846d4fe12,estonian.ltda,available,34.99,34.99,high,low,8,namesilo,,,17/08/2026 13:27
db7127d7-b38e-4a67-9aab-39ce9a266065,sapid.ltda,available,34.99,34.99,medium,low,5,namesilo,,,18/08/2026 07:14
09897e3b-a753-4a8b-a61c-f91241228377,knox.ltda,available,30.18,30.18,high,low,4,dynadot,,,28/09/2026 06:06
8b962a83-f5d9-41d5-8376-4ee8bb4f0d8e,comer.ltda,premium,56.64,33.04,medium,low,5,namesilo,,,20/09/2026 09:17
6622aa76-4255-4030-8715-8e8df77d6166,mankind.ltda,available,55.99,55.99,high,low,7,godaddy,,,28/09/2026 02:08
9e0d519d-fd4d-4555-9053-e5ece21cc25a,alan.ltda,available,34.99,34.99,high,low,4,namesilo,,,25/09/2026 11:29
8fbae6a3-bc6a-49fa-ac83-965b05e2f64f,gorge.ltda,available,34.99,34.99,medium,low,5,namesilo,,,23/09/2026 17:20
7888610f-488e-41bd-9bda-2813e6fa8308,acacia.ltda,available,42.98,46.98,high,low,6,namecheap,,,16/09/2026 19:59
effc42cf-4c81-4923-a1a1-d9017b0e665e,firebug.ltda,available,34.99,34.99,medium,low,7,namesilo,,,22/08/2026 00:57
bc83f393-2ae3-4ff6-8819-c28dba7a602b,sailor.ltda,available,34.99,34.99,high,low,6,namesilo,,,
c1023ad5-024b-4245-832e-667a5957bb7a,bathrobe.ltda,available,34.99,34.99,high,low,8,namesilo,,,22/09/2026 13:50
9f89f4a4-f4f4-4308-8742-5937351c4951,ferdinand.ltda,available,34.99,34.99,high,low,9,namesilo,,,25/09/2026 05:57
7afad596-ccc0-44be-97a9-ddabe9e0187a,pentad.ltda,available,34.99,34.99,medium,low,6,namesilo,,,
445bac05-c612-4f41-96ed-6d3a5c86d54d,corps.ltda,available,34.99,34.99,high,low,5,namesilo,,,
9a25a2e8-c7cc-444c-badc-929d59b4cd4b,disharmony.ltda,available,34.99,34.99,medium,low,10,namesilo,,,24/09/2026 22:38
d1ebfc9a-3ef0-452d-ba26-911b81aae5c0,dill.ltda,available,34.99,34.99,high,low,4,namesilo,,,19/09/2026 05:36
dbe811d3-08f0-4f16-96dc-078a53b236f2,packed.ltda,available,34.99,34.99,high,low,6,namesilo,,,25/09/2026 11:42
446f0202-1084-470b-9b68-97ec8affb62e,avionics.ltda,available,34.99,34.99,high,low,8,namesilo,,,21/09/2026 09:35
f1ee6a45-1379-4977-8cbd-8ae5ed9b3f7c,kiss.ltda,available,34.99,34.99,high,low,4,namesilo,,,
db57da80-e1ff-419a-b628-361f60df7574,mclaren.ltda,available,34.99,34.99,high,high,7,namesilo,,,28/09/2026 07:30
a754859a-c4a9-4d10-8cf3-d0fe1bbb564a,widget.ltda,available,34.99,34.99,high,low,6,namesilo,,,19/09/2026 21:50
62b0bbb0-cab6-4049-b669-3ffc4ff5b433,huntington.ltda,available,34.99,34.99,high,low,10,namesilo,,,25/09/2026 04:18
c293ba07-99fc-4321-899a-282c3e96d90f,tho.ltda,available,46.98,,medium,low,3,namecheap,,,
6fc750f0-4155-46dd-a94f-d96a132b05d4,grossly.ltda,available,34.99,34.99,medium,low,7,namesilo,,,14/09/2026 22:29
5b1c4b73-eb2a-4df7-996f-4768db64215f,streamer.ltda,available,34.99,34.99,high,low,8,namesilo,,,08/08/2026 13:57
0435b90b-3dd7-44c7-98c1-8b04636a21e1,benefice.ltda,available,34.99,34.99,high,low,8,namesilo,,,23/09/2026 07:54
2be4adf1-7f84-4df7-8f38-3a31b6c82252,compressed.ltda,available,42.98,46.98,high,low,10,namecheap,,,23/09/2026 18:05
7b548712-163a-4133-8d32-342242ecff01,ninth.ltda,available,34.99,34.99,high,low,5,namesilo,,,
809783d8-ee0e-4300-95b4-5d0d8be3031d,perchance.ltda,available,34.99,34.99,medium,low,9,namesilo,,,14/09/2026 02:12
e583baca-cb5d-4a8d-812b-715fd7ed5bad,unnoted.ltda,available,42.98,46.98,medium,low,7,namecheap,,,04/09/2026 21:08
439294a4-a9ca-4a4d-a26f-32423fef5a20,anklet.ltda,available,34.99,34.99,high,low,6,namesilo,,,19/09/2026 09:41
acc3ce5f-1f27-43ae-95ca-7c1393bf5ff3,commonweal.ltda,available,34.99,34.99,medium,low,11,namesilo,,,
ebab74d8-de74-497f-a9a6-7dd277879c22,warriors.ltda,available,42.98,46.98,medium,low,8,namecheap,,,28/09/2026 04:57
2aab363a-0026-4674-b854-e67648599f6a,cacophonic.ltda,available,34.99,34.99,low,low,10,namesilo,,,11/08/2026 12:33
600675b3-0d9a-4c95-8b5d-c539d00b0ae0,untanned.ltda,available,42.98,46.98,medium,low,8,namecheap,,,12/09/2026 21:00
59504904-78a8-45d7-8116-c21179be2a9d,systems.ltda,premium,66.3,66.3,medium,low,7,namecheap,,,27/09/2026 02:29
c07eca8d-12a2-4b0b-8e84-98419414ad36,touching.ltda,available,34.99,34.99,high,low,8,namesilo,,,
9591526a-80e6-4279-8142-47af4a64006c,chatterbox.ltda,available,34.99,34.99,high,low,10,namesilo,,,21/09/2026 12:28
3650711b-ad1f-4b2a-af4f-61d7c5b96e03,awheel.ltda,available,34.99,34.99,medium,low,6,namesilo,,,08/08/2026 01:05
b8b2d412-4565-4d01-a118-efb632e8b560,greensboro.ltda,available,34.99,34.99,high,low,10,namesilo,,,27/09/2026 04:17
78d63065-349f-4657-9858-420665069199,strings.ltda,available,34.99,34.99,high,low,7,namesilo,,,27/09/2026 05:33
13940b18-1eb4-4182-900a-766d6361de3b,lynchpin.ltda,available,34.99,34.99,high,low,8,namesilo,,,21/09/2026 15:18
e03ccc59-fc9a-4279-9e1a-00d2f6aa1719,polyatomic.ltda,available,34.99,34.99,medium,low,10,namesilo,,,08/09/2026 23:10
364e27df-cad1-4316-b1e9-6328437b2bb7,aerobe.ltda,available,34.99,34.99,medium,low,6,namesilo,,,17/09/2026 12:54
75504fa2-cc0a-4815-906a-8a3379fb2ca7,copyright.ltda,available,42.98,46.98,high,low,9,namecheap,,,24/09/2026 18:10
02cacc5b-fae0-4fc2-b83e-59b1a8401e50,lustful.ltda,available,42.98,46.98,medium,low,7,namecheap,,,12/08/2026 20:18
54e8e593-15fb-49f5-9240-ebe1a102ecac,elderberry.ltda,available,34.99,34.99,medium,low,10,namesilo,,,24/09/2026 00:39
16cdd591-3269-4bba-bc42-4ce6bab40126,dispersed.ltda,available,34.99,34.99,medium,low,9,namesilo,,,14/08/2026 11:56
3750168c-b833-49f4-b9a8-995e4cec0b2a,carpus.ltda,available,34.99,34.99,medium,low,6,namesilo,,,20/09/2026 11:32
d5c314e0-1b9c-44f7-8714-9b55b9c2ad9f,bhutanese.ltda,available,34.99,34.99,medium,low,9,namesilo,,,09/08/2026 18:24
75e0b36b-3f4c-47e8-a702-5f426063434c,tenured.ltda,available,34.99,34.99,high,low,7,namesilo,,,11/09/2026 11:43
c02d9033-a822-4cd0-a03c-09b841564467,sausage.ltda,available,34.99,34.99,high,low,7,namesilo,,,
9c399964-12b3-47d6-b931-616f203a7725,dropping.ltda,available,34.99,34.99,high,low,8,namesilo,,,14/08/2026 19:47
8c312fd5-33e2-4b51-a19c-0761d8b9567e,ibidem.ltda,available,34.99,34.99,medium,low,6,namesilo,,,15/09/2026 01:34
94a34e18-e23a-42f7-852f-1c74b77ba2b8,apheresis.ltda,available,34.99,34.99,medium,low,9,namesilo,,,19/09/2026 16:49
760e6b58-9d3f-49bd-8647-7c2afae4f7e8,intellectual.ltda,available,34.99,34.99,high,low,12,namesilo,,,28/09/2026 03:23
8893420a-23f7-4a83-927d-c134842fc327,trainer.ltda,available,42.98,46.98,high,low,7,namecheap,,,27/09/2026 13:32
bc7be7c0-d356-411b-8c24-f5a66d439769,bagel.ltda,available,34.99,34.99,high,low,5,namesilo,,,
51b34a2d-b718-4f4d-9e6c-ca6396b3a751,troll.ltda,available,34.99,34.99,high,low,5,namesilo,,,
b8284f8a-c34f-4f59-93b7-16258661b166,barbary.ltda,available,34.99,34.99,medium,low,7,namesilo,,,22/09/2026 04:32
5e852612-d1e2-4b11-a5dc-3e9eb46f692f,latish.ltda,available,34.99,34.99,medium,low,6,namesilo,,,22/08/2026 20:43
08e3f769-2090-4596-bbc2-5e4f07fc27ce,backwater.ltda,available,34.99,34.99,high,low,9,namesilo,,,21/09/2026 16:21
5816fbb6-b244-482f-b55f-195317852f45,chased.ltda,available,34.99,34.99,high,low,6,namesilo,,,27/09/2026 08:31
0c7c05b2-be39-42b1-b885-bf1a82140a2a,alkanet.ltda,available,34.99,34.99,medium,low,7,namesilo,,,18/09/2026 08:26
3d413332-33da-448d-a758-7c5dcc05810f,pocketable.ltda,available,34.99,34.99,medium,low,10,namesilo,,,08/09/2026 22:20
5d0963a6-c129-4aba-9c24-1cb9336fad74,wrap.ltda,available,34.99,34.99,high,low,4,namesilo,,,26/09/2026 00:32
f2a24a2a-53c8-4c99-bdd3-c41fdd14cde3,wounding.ltda,available,42.98,46.98,medium,low,8,namecheap,,,10/09/2026 17:53
848372ab-d2e0-4ae5-a2ef-38e0e2b51066,exposed.ltda,premium,56.64,33.04,high,low,7,namesilo,,,17/08/2026 18:37
460a2afd-4423-4427-bf85-8243d2493870,lucubrate.ltda,available,34.99,34.99,medium,low,9,namesilo,,,15/08/2026 23:00
b6e6a7c0-3941-4e76-823e-a54501100d7d,deformed.ltda,available,34.99,34.99,medium,low,8,namesilo,,,13/08/2026 23:37
41f8e172-a1f1-430c-8446-f0db7c45cd42,cements.ltda,available,34.99,34.99,medium,low,7,namesilo,,,20/09/2026 09:07
d1f88870-6561-4653-9bab-b501e8fe562e,honeymoons.ltda,available,34.99,34.99,medium,low,10,namesilo,,,20/09/2026 01:32
00a8b8d6-d098-440c-b8c7-e302cbffdc38,according.ltda,available,34.99,34.99,high,low,9,namesilo,,,
4f180702-d258-4399-89d0-f5253cc5cc93,circuitous.ltda,available,34.99,34.99,medium,low,10,namesilo,,,12/08/2026 08:18
626b4b66-2cb4-492d-9a7a-ef3a392fe488,excitedly.ltda,available,34.99,34.99,medium,low,9,namesilo,,,14/09/2026 16:52
434f9024-a7a6-4ca6-8e50-d7b42a5ede98,frameworks.ltda,available,34.99,34.99,high,low,10,namesilo,,,28/09/2026 00:38
e23760a2-b65e-4a39-88a3-06e144424968,appeared.ltda,available,34.99,34.99,medium,low,8,namesilo,,,27/09/2026 10:53
5806e932-6e1e-4033-8541-45c252e75f31,marin.ltda,available,34.99,34.99,high,low,5,namesilo,,,25/09/2026 15:45
52f5e431-9ad0-4e2c-bae9-c6855969b8d4,proofed.ltda,available,34.99,34.99,medium,low,7,namesilo,,,09/09/2026 03:24
dad51f5b-2375-4c6f-a7a9-5c13e61d0b1c,radish.ltda,available,42.98,46.98,high,low,6,namecheap,,,24/09/2026 20:53
44ec6dfa-9381-4fc6-ad6b-31ffb11f036c,operation.ltda,premium,56.64,33.04,high,low,9,namesilo,,,28/09/2026 02:52
9b4debf0-9ec6-4ea7-b9e1-655db41af38d,thee.ltda,available,34.99,34.99,medium,low,4,namesilo,,,
c54b7637-9193-46fe-a234-05e8cea1ccfa,donation.ltda,available,34.99,34.99,high,low,8,namesilo,,,
51f85f60-d023-478d-a8a1-cfe2f0da604e,optimally.ltda,available,42.98,46.98,medium,low,9,namecheap,,,15/09/2026 18:05
8f59aba0-e3be-44ef-9426-b3dee3a19b59,hottish.ltda,available,34.99,34.99,medium,low,7,namesilo,,,21/08/2026 14:20
37311067-03d7-428a-99ab-0ff53f9d3599,clanking.ltda,available,34.99,34.99,medium,low,8,namesilo,,,12/08/2026 09:33
5eb97ef8-0d4c-4feb-ac57-705972b77190,blitt.ltda,available,34.99,34.99,medium,low,5,namesilo,,,21/09/2026 14:13
a7c176dc-1f5e-42d7-b083-62b48d3fb690,networks.ltda,premium,56.64,33.04,high,low,8,namesilo,,,19/09/2026 17:41
84193639-5914-4b27-9041-71c4864276f2,resilient.ltda,available,34.99,34.99,high,low,9,namesilo,,,10/08/2026 21:47
c328757f-78ef-4b2d-b908-39b588809cfb,cargo.ltda,premium,66.3,66.3,high,low,5,namecheap,,,24/09/2026 12:56
b5657441-bfd6-4c4a-88c1-a98da853fe38,pertinence.ltda,available,34.99,34.99,medium,low,10,namesilo,,,19/09/2026 21:52
a67667df-491b-443e-a4ea-b507b74ab6d3,platoon.ltda,available,49.99,52.99,high,low,7,name.com,,,27/09/2026 15:14
42cbba63-3f2b-4cbe-9c33-bbf27c9213ec,susanna.ltda,available,34.99,34.99,high,low,7,namesilo,,,28/09/2026 01:02
4e2efb9d-09f4-4c22-a77c-d109dd1fc171,masterful.ltda,available,42.98,46.98,high,low,9,namecheap,,,23/09/2026 21:35
2d5eb425-5033-486e-b076-6d19fa85add4,banteng.ltda,available,42.98,46.98,medium,low,7,namecheap,,,22/09/2026 03:14
4c5cfcac-8b89-409c-9528-f23af8ccaa3f,scenic.ltda,available,34.99,34.99,high,low,6,namesilo,,,09/09/2026 22:58
420943ed-dace-48b8-aa52-d2feee7e7871,tamil.ltda,available,34.99,34.99,high,low,5,namesilo,,,11/09/2026 07:48
c4c463a0-7fa0-4e55-9568-cdced952dc74,mcmuffin.ltda,available,46.98,,high,low,8,namecheap,,,
b2b970bf-49bd-4fb3-a3fb-f04259239d5f,scoops.ltda,available,34.99,34.99,medium,low,6,namesilo,,,20/09/2026 12:19
c3188c1f-5cf5-4f90-bf14-c208fc0e5672,ataraxis.ltda,available,34.99,34.99,medium,low,8,namesilo,,,20/09/2026 19:42
4ddc6b35-0b99-4551-99bf-b3438076242b,bungalow.ltda,available,34.99,34.99,high,low,8,namesilo,,,24/09/2026 11:15
ca7353dd-51ee-436f-aa54-884d9a58d9d9,deciphered.ltda,available,42.98,46.98,medium,low,10,namecheap,,,13/08/2026 21:34
cf352b71-255f-4086-ab2c-36195ac12a08,basel.ltda,available,34.99,34.99,high,medium,5,namesilo,,,22/09/2026 10:13
b4854300-a6fb-429b-90cb-61766ffa0a55,ubiquitous.ltda,available,34.99,34.99,high,low,10,namesilo,,,04/09/2026 13:54
e85b063a-fe61-4382-95ac-cd3980778714,arapaho.ltda,available,34.99,34.99,medium,low,7,namesilo,,,20/09/2026 00:08
cdd1183a-406d-4007-9280-f12e06a0f636,cheater.ltda,available,34.99,34.99,medium,low,7,namesilo,,,23/09/2026 02:30
d4a87378-ac84-43a9-bdb3-3926c3540e81,sectional.ltda,available,34.99,34.99,medium,low,9,namesilo,,,10/09/2026 01:18
01b8df78-2118-4069-a2ba-72f387d717e7,screw.ltda,available,34.99,34.99,high,low,5,namesilo,,,18/08/2026 17:26
a5cbfe8b-8f76-4657-b61f-2cd376b921fe,prices.ltda,premium,56.64,33.04,medium,low,6,namesilo,,,
72c57e21-f666-4e25-a4d9-5f164fd2ff1b,allegation.ltda,available,34.99,34.99,high,low,10,namesilo,,,18/09/2026 10:09
79158615-672a-4ea8-b504-a42c9544e3c4,pretence.ltda,available,34.99,34.99,medium,low,8,namesilo,,,25/09/2026 16:31
92525269-3361-4604-ad4f-608d727773d6,infective.ltda,available,34.99,34.99,medium,low,9,namesilo,,,22/08/2026 04:14
b28b2cbe-f323-49c1-a8f7-a77d4cc9b0aa,womanly.ltda,available,34.99,34.99,high,low,7,namesilo,,,13/09/2026 13:03
94ae9470-d1ca-40dd-973b-4c7d41c198ba,aconite.ltda,available,34.99,34.99,medium,low,7,namesilo,,,17/09/2026 02:05
890867b0-c2ae-4216-837b-bf7e0b9132a9,allogeneic.ltda,available,34.99,34.99,medium,low,10,namesilo,,,
892dec10-d1cf-4650-a125-7284ac30c98c,bagatelle.ltda,available,42.98,46.98,medium,low,9,namecheap,,,21/09/2026 17:53
c1807b80-1c4b-4627-ab06-bc1d55be94c9,heartfelt.ltda,available,34.99,34.99,high,low,9,namesilo,,,21/08/2026 02:11
8ac74a19-2d8b-48bb-a22e-6fe207aaa624,intend.ltda,available,42.98,46.98,high,low,6,namecheap,,,25/09/2026 18:20
bd0fc2e4-2c2b-4ef1-a176-2cfa53badb51,harnessed.ltda,available,34.99,34.99,medium,low,9,namesilo,,,21/08/2026 01:05
51b01654-f61b-4009-8d05-b6af10451f35,ribbing.ltda,available,34.99,34.99,medium,low,7,namesilo,,,11/09/2026 10:01
6aeb2520-5a76-419e-9496-e0e668429f9b,summertime.ltda,available,34.99,34.99,high,low,11,namesilo,,,18/09/2026 00:39
7924951d-4e14-4f63-ab70-2462924fabc7,phones.ltda,premium,56.64,33.04,high,low,6,namesilo,,,20/09/2026 09:31
64f1b1a3-6fb5-441b-81d7-d6f7cb9eca0e,acromegaly.ltda,available,34.99,34.99,medium,low,10,namesilo,,,17/09/2026 03:48
d953cfee-a331-4971-9643-79a25cee7b93,extends.ltda,available,34.99,34.99,medium,low,7,namesilo,,,18/09/2026 17:32
8da1128b-bae6-436c-9e32-b0962de214f4,balefire.ltda,available,34.99,34.99,medium,low,8,namesilo,,,21/09/2026 21:52
83713e56-c949-49a8-b16c-0377971f2bac,symbol.ltda,available,34.99,34.99,high,low,6,namesilo,,,24/09/2026 03:34
872ba170-6ede-481a-a1aa-995d86134df8,jennifer.ltda,available,34.99,34.99,high,low,8,namesilo,,,25/09/2026 14:21
835a37e4-47bc-4aff-ba93-df7c066bd000,pourboire.ltda,available,34.99,34.99,medium,low,9,namesilo,,,21/09/2026 15:52
dbc460e0-c872-4a34-bc11-2971e075ba60,accusive.ltda,available,34.99,34.99,medium,low,8,namesilo,,,
18b9682c-3832-4508-890a-acbb838f9027,anthus.ltda,available,34.99,34.99,medium,low,6,namesilo,,,19/09/2026 14:02
ac87e967-e771-4258-892f-798ffce721f3,grisly.ltda,available,34.99,34.99,medium,low,6,namesilo,,,18/08/2026 23:15
b5b6ec25-c5f5-476b-9f4f-3e9386f55421,spunky.ltda,available,34.99,34.99,high,low,6,namesilo,,,18/08/2026 00:49
0fed6ec1-405d-4534-b2f7-310a7ecdcb34,abradant.ltda,available,34.99,34.99,medium,low,8,namesilo,,,
2cb9216c-f85c-4af1-871e-d3cd05f917b3,pirate.ltda,available,34.99,34.99,high,low,6,namesilo,,,
e3e042f1-21c4-4d0b-8d7d-0f46249c3442,xlvii.ltda,available,34.99,34.99,medium,low,5,namesilo,,,
c0c56a2e-f834-40d2-94c0-19284a85d203,dads.ltda,available,34.99,34.99,high,low,4,namesilo,,,20/09/2026 10:27
11424da0-dafb-4581-80dd-8f0159eeb967,turbulent.ltda,available,34.99,34.99,medium,low,9,namesilo,,,14/08/2026 12:26
93767261-2ef7-49ed-ac84-1b9e0aecf880,pubic.ltda,available,34.99,34.99,medium,low,5,namesilo,,,09/09/2026 05:20
75b58f93-b32e-43f5-b7bf-402d3f4321d8,police.ltda,available,34.99,34.99,high,low,6,namesilo,,,
4f018eec-0606-4da2-bf96-733fbc79b6ba,unary.ltda,available,34.99,34.99,medium,low,5,namesilo,,,12/09/2026 01:06
490ee05b-9bb4-4adf-9603-7849a949f1b7,contingent.ltda,available,34.99,34.99,high,low,10,namesilo,,,23/09/2026 22:07
d7bb5fa9-8c4d-4a16-9b7d-31b04cddfa34,middle.ltda,available,34.99,34.99,high,low,6,namesilo,,,23/09/2026 13:24
461ef570-b4be-48b0-b8fe-d10b4de35fe5,sedgy.ltda,available,34.99,34.99,medium,low,5,namesilo,,,10/09/2026 01:38
e1e23874-e486-48aa-9e5b-22f299ffd9dd,tool.ltda,premium,56.64,33.04,high,low,4,namesilo,,,24/09/2026 16:13
8f45104b-63fb-471c-9e58-31e36b52c163,replace.ltda,available,29.35,30.16,high,low,7,porkbun,,,28/09/2026 01:47
d337ed4a-491e-4d1b-ac46-02ae81fd0aed,expendable.ltda,available,42.98,46.98,high,low,10,namecheap,,,17/08/2026 18:08
92770771-3500-435f-a7c9-8c0448143056,icelandic.ltda,available,34.99,34.99,high,low,9,namesilo,,,21/08/2026 17:45
5023570b-269b-4f23-bc7b-1d4241efbc96,technologies.ltda,premium,56.64,33.04,high,low,12,namesilo,,,28/09/2026 03:08
267ea634-1047-461c-bcb7-d5a90987ee4f,matthews.ltda,available,42.98,46.98,high,low,8,namecheap,,,25/09/2026 19:36
c138873d-4942-488b-85d3-0cb6236f6582,trunk.ltda,available,34.99,34.99,high,low,5,namesilo,,,21/09/2026 07:24
66a3ae76-f928-4f71-80d6-40d14fb6c022,ourselves.ltda,available,34.99,34.99,medium,low,9,namesilo,,,27/09/2026 08:55
0ff4644c-a376-443e-b0dd-94bc5cde8a71,aberrance.ltda,available,34.99,34.99,medium,low,9,namesilo,,,16/09/2026 15:12
aa3cc841-0caf-4a28-a8de-31c0fa4c5522,imminent.ltda,available,42.98,46.98,high,low,8,namecheap,,,21/08/2026 20:55
bc3e9ca5-7b8f-4cca-81fe-5299d4d915b8,augeas.ltda,available,34.99,34.99,medium,low,6,namesilo,,,21/09/2026 03:15
4eb1740e-4d11-4c13-8776-5c43b0db972a,consort.ltda,available,34.99,34.99,high,low,7,namesilo,,,16/09/2026 22:56
569c4c75-1282-48b1-b179-1a355c7248cb,len.ltda,available,34.99,34.99,medium,low,3,namesilo,,,27/09/2026 01:38
02ec3c62-1f91-4597-ade6-fca1d59cc3fc,welles.ltda,available,34.99,34.99,high,low,6,namesilo,,,27/09/2026 04:13
2725f51d-72c3-48e1-b602-2b61e07568a2,keyrings.ltda,available,42.98,46.98,medium,low,8,namecheap,,,20/09/2026 12:08
493da38b-51a3-4a5e-af6e-26c8ce24123e,balusters.ltda,available,42.98,46.98,high,low,9,namecheap,,,22/09/2026 00:30
0b567de1-0953-4a5a-998b-d136ac281e41,drinkable.ltda,available,42.98,46.98,high,low,9,namecheap,,,14/08/2026 19:23
bf669f48-e458-4002-8f4d-b1102f18d607,actinon.ltda,available,34.99,34.99,medium,low,7,namesilo,,,
60cefd8f-2aa2-448b-8b53-de34dad175dd,guarneri.ltda,available,42.98,46.98,medium,low,8,namecheap,,,19/09/2026 04:22
41185444-9e88-4ee9-8fd6-976b088e6046,buxom.ltda,available,42.98,46.98,medium,low,5,namecheap,,,10/08/2026 20:28
1d33a284-23b3-4528-b442-b6f25d328b29,fly.ltda,available,42.98,46.98,high,medium,3,namecheap,,,24/09/2026 20:39
f49ec85b-5327-447c-b871-ce6e0397505c,binaural.ltda,available,34.99,34.99,medium,low,8,namesilo,,,09/08/2026 18:40
e1379551-5536-44f7-ba3c-d70884c640a1,put.ltda,available,34.99,34.99,high,low,3,namesilo,,,25/09/2026 13:13
0fa853b8-ecf4-40c8-b298-51781e4143e4,taught.ltda,available,34.99,34.99,medium,low,6,namesilo,,,27/09/2026 02:04
9e0beeb1-f9b4-415d-9089-9104b8656486,nes.ltda,available,34.99,34.99,high,low,3,namesilo,,,28/09/2026 03:45
9c6ae2ff-cfa7-454a-b19c-49726ffabe49,sunstruck.ltda,available,34.99,34.99,medium,low,9,namesilo,,,11/09/2026 02:01
0d4237da-5ce6-452d-8c04-b13e5d397910,engross.ltda,available,42.98,46.98,medium,low,7,namecheap,,,10/09/2026 19:54
884ecd3d-4b9e-4ced-9cfb-fd81d6a91260,largest.ltda,available,34.99,34.99,high,low,7,namesilo,,,27/09/2026 21:38
91204a88-a244-4104-befb-cf93bc05e73f,nutrients.ltda,available,34.99,34.99,medium,low,9,namesilo,,,21/09/2026 00:14
5ce88b78-7e0b-41a7-aa2b-5450e6d578df,grid.ltda,available,42.98,46.98,high,medium,4,namecheap,,,24/09/2026 17:52
2561c8af-777e-4157-9210-f7df1fcdfd01,huge.ltda,available,34.99,34.99,high,low,4,namesilo,,,25/09/2026 06:09
05d7207e-38c5-4948-ac75-17a3e7e778a9,hey.ltda,available,46.98,,high,medium,3,namecheap,,,
2de51918-901d-4082-8d93-abf2bbbe484e,licensed.ltda,available,34.99,34.99,high,low,8,namesilo,,,19/09/2026 16:56
5b5093c2-8a57-465c-8e71-8a588e745958,tarragon.ltda,available,34.99,34.99,high,low,8,namesilo,,,20/09/2026 10:17
50f55589-6ca7-48c9-a3aa-e7d8c0f54457,crew.ltda,available,42.98,46.98,high,high,4,namecheap,,,24/09/2026 19:22
d224d210-830f-475b-88b2-55bd2a5cf7ee,ultimately.ltda,available,34.99,34.99,high,low,10,namesilo,,,
0d899fe3-fcac-413e-a38c-e226d8525901,survival.ltda,available,34.99,34.99,high,low,8,namesilo,,,27/09/2026 14:56
d84803c0-0007-4acb-8fcc-a615e5cdd17a,durer.ltda,available,34.99,34.99,medium,low,5,namesilo,,,18/09/2026 03:18
658e62b4-2ac3-4f9b-966d-9e98ec7cf3be,unsigned.ltda,available,42.98,46.98,high,low,8,namecheap,,,12/09/2026 19:55
e4e0f024-ef69-4cec-9875-2879585f84d7,offer.ltda,premium,66.3,66.3,high,low,5,namecheap,,,23/09/2026 13:36
c4884ae9-48d6-4523-96f2-58f84ad89d69,razed.ltda,available,34.99,34.99,medium,low,5,namesilo,,,14/08/2026 01:24
08f87a57-6e49-4fb7-9c6c-36ca8d3c9e72,touches.ltda,available,42.98,46.98,medium,low,7,namecheap,,,28/09/2026 04:39
0f23d21d-77fc-41e7-91da-6ca202619604,cry.ltda,available,34.99,34.99,high,low,3,namesilo,,,
1ee34ec3-a9f5-4ce7-8392-2d4e2083a802,consuming.ltda,available,42.98,46.98,high,low,9,namecheap,,,23/09/2026 21:22
282e12f7-8ee2-46df-b5de-27d7dbc57f1a,trickily.ltda,available,34.99,34.99,medium,low,8,namesilo,,,14/09/2026 09:11
eda81074-cf06-47ce-aa12-14df22b5ccc4,closeout.ltda,available,34.99,34.99,high,low,9,namesilo,,,
320d0e28-ddf4-473a-abf7-f9ce32667d8a,unkempt.ltda,available,34.99,34.99,medium,low,7,namesilo,,,12/09/2026 14:07
f3223b77-e179-4541-8b7c-406fd682c48f,guerilla.ltda,available,34.99,34.99,high,low,8,namesilo,,,22/08/2026 10:15
978c065e-89d3-4b7d-a5e9-7966dcc81e5f,araneus.ltda,available,34.99,34.99,medium,low,7,namesilo,,,20/09/2026 00:05
61f92843-ef52-4a76-80f6-e0ad405ff75e,confiding.ltda,available,34.99,34.99,high,low,9,namesilo,,,12/08/2026 20:45
79556701-8894-48da-82b6-c147f849d48c,law.ltda,available,34.99,34.99,high,medium,3,namesilo,,,
b88b040b-a052-4e2b-a0ef-a7d77f2b21aa,halle.ltda,available,42.98,46.98,high,low,5,namecheap,,,27/09/2026 04:25
b2e231bb-e060-479f-9978-59f4f5e90c57,ripely.ltda,available,34.99,34.99,medium,low,6,namesilo,,,15/09/2026 23:48
12f1f20f-9ee1-472d-a6b7-01e6d1c50771,toast.ltda,available,46.98,,high,low,5,namecheap,,,
543bcf94-c01c-44c6-b399-548cb69ca89e,instantly.ltda,available,42.98,46.98,medium,low,9,namecheap,,,10/09/2026 21:29
e15f2384-a823-4d67-806c-e49dd8c8926d,stanford.ltda,available,42.98,46.98,high,low,8,namecheap,,,28/09/2026 06:08
736c1721-4394-4623-b57c-11241116b78b,basketball.ltda,premium,56.64,33.04,high,low,10,namesilo,,,
5fab7b21-8805-48a4-b0d7-614d3d987954,graspable.ltda,available,34.99,34.99,medium,low,9,namesilo,,,06/08/2026 08:18
7335e686-053a-4603-9812-6bd904667c70,flavorless.ltda,available,34.99,34.99,medium,low,10,namesilo,,,10/08/2026 12:57
aa4c2ffb-e255-4494-b61e-eb6af8574074,reports.ltda,premium,56.64,33.04,high,low,7,namesilo,,,18/09/2026 16:26
ab59f850-b568-4a4e-b53b-71b23102a2a7,basilisk.ltda,available,34.99,34.99,high,low,8,namesilo,,,22/09/2026 10:54
c22d0f97-6e48-410e-828c-74250f932718,commented.ltda,available,34.99,34.99,medium,low,9,namesilo,,,18/09/2026 23:19
275a1d8a-84d5-45ee-969a-3a05e8539e31,cowpea.ltda,available,34.99,34.99,medium,low,6,namesilo,,,23/09/2026 23:43
1197a529-030d-4534-8136-13bf54374f96,necessities.ltda,available,34.99,34.99,medium,low,11,namesilo,,,
4a15d7a0-3087-426c-8290-538a6676a3b2,digital.ltda,premium,56.64,33.04,high,medium,7,namesilo,,,25/09/2026 22:21
f35f45b9-84d0-4d52-95f4-cefd94da90d6,banked.ltda,available,34.99,34.99,medium,low,6,namesilo,,,
f3379c64-df7d-485c-b13f-ca70a48b0f69,triune.ltda,available,42.98,46.98,medium,low,6,namecheap,,,11/09/2026 20:12
145b0ab7-f87e-43fd-b1fa-432dfa9960ea,sycamore.ltda,available,34.99,34.99,high,low,8,namesilo,,,16/09/2026 23:36
78809637-4053-48c4-970b-92754640db66,abjurer.ltda,available,34.99,34.99,medium,low,7,namesilo,,,16/09/2026 16:02
93a32b3d-3fd6-4f37-85bf-aaabe9c82b71,seasonally.ltda,available,34.99,34.99,medium,low,10,namesilo,,,16/09/2026 00:48
6cfa89a4-72fd-4349-9fcf-fa2c9892b59b,generators.ltda,available,34.99,34.99,medium,low,10,namesilo,,,
e1205188-18e1-4218-a3fb-1619ad524b47,cytotoxic.ltda,available,49.99,52.99,medium,low,9,name.com,,,13/08/2026 14:44
5a399bae-fd1f-4e5a-b27c-e8bec72d358b,chatty.ltda,available,34.99,34.99,high,low,6,namesilo,,,12/08/2026 03:17
7f84e986-5936-4661-b828-66a08ce75431,semifinal.ltda,available,34.99,34.99,high,low,10,namesilo,,,16/09/2026 09:45
3181b3d9-07f3-431b-9c7f-33853f6106a6,lousy.ltda,available,42.98,46.98,medium,low,5,namecheap,,,24/09/2026 01:33
495bbb4c-f5c9-4242-8943-71d11e9ad829,feminine.ltda,available,34.99,34.99,high,low,8,namesilo,,,24/09/2026 17:35
c835b395-df9c-4f83-8488-33d3489316ef,romaic.ltda,available,42.98,46.98,high,low,6,namecheap,,,09/09/2026 18:25
7afc38e0-d5d3-40c6-ab3e-bc79774d9aaf,bargello.ltda,available,34.99,34.99,medium,low,8,namesilo,,,22/09/2026 05:48
d914079d-b40d-4292-8294-19c4377e297a,baudelaire.ltda,available,34.99,34.99,high,low,10,namesilo,,,22/09/2026 16:35
ff36ba0d-f88c-4a44-9212-456eebaa5953,slipped.ltda,available,34.99,34.99,high,low,7,namesilo,,,18/09/2026 02:25
bb75b189-e1ce-496a-a4e9-017cd098a3f3,subsequent.ltda,available,34.99,34.99,high,low,10,namesilo,,,11/09/2026 00:44
30232ce7-8b8a-4963-9307-ed418064828a,health.ltda,premium,52.8,30.18,high,medium,6,dynadot,,,28/09/2026 03:06
29132ef6-aa6f-4ff9-8afb-b4f573378ba5,recaptured.ltda,available,42.98,46.98,medium,low,10,namecheap,,,18/09/2026 19:20
f6568881-8879-40a4-9a30-a916dddfce44,wannabee.ltda,available,34.99,34.99,medium,low,8,namesilo,,,07/08/2026 05:22
61ba856d-8086-4d7d-a58a-8297966c06d5,exhausting.ltda,available,42.98,46.98,medium,low,10,namecheap,,,14/08/2026 18:21
019c7050-ab5c-4173-ac99-96c939aeac73,shade.ltda,available,55.99,55.99,high,low,5,godaddy,,,28/09/2026 02:00
c3c83edb-91ac-4c8a-83af-5d701e41fd03,handbasket.ltda,available,34.99,34.99,medium,low,10,namesilo,,,22/09/2026 11:03
478fcfa3-39cb-41cf-89a3-ce7c4eb085c1,useless.ltda,available,34.99,34.99,medium,low,7,namesilo,,,
fae01507-2396-4bb8-a81e-856813d1baf8,quotes.ltda,available,42.98,46.98,high,low,6,namecheap,,,18/09/2026 21:27
ee172aaf-d4cd-4c7d-8343-011771244c5c,breads.ltda,available,34.99,34.99,medium,low,6,namesilo,,,18/09/2026 04:07
c0dfa51b-9b91-4913-9cd3-577f24ec50a8,awning.ltda,available,42.98,46.98,high,low,6,namecheap,,,21/09/2026 10:12
7445f19b-1026-4774-bc6e-b548b1c6cd5b,politic.ltda,available,34.99,34.99,high,low,7,namesilo,,,08/09/2026 23:06
b6768bdf-53d3-4110-94b4-5401709e1a19,maoist.ltda,available,34.99,34.99,medium,low,6,namesilo,,,24/08/2026 15:38
e9725057-2d7e-4537-96a1-6679d8fcdbf8,divorce.ltda,premium,56.64,33.04,high,low,7,namesilo,,,14/08/2026 11:12
c7825777-71c0-409d-ad7e-07f1ef3883e2,abbey.ltda,available,34.99,34.99,high,low,5,namesilo,,,16/09/2026 14:25
ea03314f-3753-41ec-80e4-1c03386ce1c1,abnegation.ltda,available,34.99,34.99,medium,low,10,namesilo,,,16/09/2026 16:16
82081f0c-39af-4a3d-8165-e20d99c5e4dc,mixologist.ltda,available,34.99,34.99,high,low,10,namesilo,,,22/09/2026 06:27
a5154da8-83d8-4154-91d0-ce7801574489,madrono.ltda,available,34.99,34.99,medium,low,7,namesilo,,,20/09/2026 01:04
7d3beb6a-98e6-4d44-9174-c3fbe84b4b15,lesser.ltda,available,34.99,34.99,medium,low,6,namesilo,,,23/08/2026 00:24
a5412e43-bb6f-434b-9fff-f945078992b2,killed.ltda,available,34.99,34.99,medium,low,6,namesilo,,,17/09/2026 12:17
31aa531f-4045-41dd-ba96-64855ed327f0,addend.ltda,available,42.98,46.98,medium,low,6,namecheap,,,17/09/2026 06:41
31403f0f-ce51-4993-9bcf-eff4e9c47eec,microbial.ltda,available,34.99,34.99,medium,low,9,namesilo,,,08/09/2026 09:41
51094bc1-4e25-4273-ba03-790622cb26f0,sideboard.ltda,available,34.99,34.99,high,low,9,namesilo,,,24/09/2026 10:55
603a8c2a-c458-494f-a74f-6987ae3d10a1,iatrogenic.ltda,available,34.99,34.99,medium,low,10,namesilo,,,21/08/2026 17:30
c85db966-0383-4878-b594-34642b80b246,frilled.ltda,available,34.99,34.99,medium,low,7,namesilo,,,18/08/2026 15:49
96652d88-9ce2-48a1-b3a1-e12cd3e5929d,binghamton.ltda,available,34.99,34.99,high,low,10,namesilo,,,23/09/2026 17:34
e788b025-ff93-4ec1-98be-4285bc3819df,cognisant.ltda,available,34.99,34.99,medium,low,9,namesilo,,,08/08/2026 00:18
06e65bb8-201e-406a-a8b3-0fc2d1eeaa72,powerhouse.ltda,available,34.99,34.99,high,low,10,namesilo,,,21/09/2026 22:33
032ebf13-6354-409b-8562-5675f9a05d7a,arm.ltda,available,34.99,34.99,high,medium,3,namesilo,,,
fefd9a46-f471-48ca-95a3-0b24a2c29bf7,falsely.ltda,available,34.99,34.99,medium,low,7,namesilo,,,14/09/2026 17:35
9b6d16ea-a8f7-4b4e-ad3a-11d521a4f78e,authority.ltda,available,34.99,34.99,high,low,9,namesilo,,,17/09/2026 17:02
05e60b3a-6d3b-45c0-9fdb-4738fdff8dde,bismark.ltda,available,34.99,34.99,medium,low,7,namesilo,,,23/09/2026 09:37
0fbfb52f-41ba-4010-99c7-7a8f46f154e8,stringent.ltda,available,34.99,34.99,medium,low,9,namesilo,,,10/09/2026 22:40
02374bb6-9192-4e25-a224-0771de5c5244,attendant.ltda,available,34.99,34.99,high,low,9,namesilo,,,21/09/2026 15:40
e089dcf6-7ac9-483e-a38a-39e0a86a31a2,mothafucka.ltda,available,34.99,34.99,medium,low,10,namesilo,,,
f7ac4791-b457-43dd-8407-37cb34c055a6,flavorsome.ltda,available,34.99,34.99,medium,low,10,namesilo,,,18/08/2026 07:12
0b2c321f-f782-457c-a9a3-aceac9176468,valueable.ltda,available,34.99,34.99,medium,low,9,namesilo,,,
3fa0e8b6-c55e-4cc2-bc86-3df48b3e4595,billboard.ltda,available,34.99,34.99,high,low,9,namesilo,,,
20c95679-1bbe-449c-a721-d3146785a958,pangolin.ltda,available,34.99,34.99,medium,low,8,namesilo,,,19/09/2026 12:39
085c6032-d7ef-4f0b-81af-35d6ce614d51,antlered.ltda,available,34.99,34.99,medium,low,8,namesilo,,,05/08/2026 20:11
d4086e0a-534c-4b0f-a887-91a50ab83dd9,cuneiform.ltda,available,34.99,34.99,medium,low,9,namesilo,,,13/08/2026 10:34
43a63992-c176-4062-9150-366e43f03bae,bagful.ltda,available,42.98,46.98,medium,low,6,namecheap,,,21/09/2026 17:57
0f33ca8d-21f4-48e3-b421-e0e191b015e0,ricardo.ltda,available,34.99,34.99,high,low,7,namesilo,,,25/09/2026 04:47
6d7a07e0-667a-4f75-a5c4-07f7f258ad8f,legacy.ltda,available,34.99,34.99,high,medium,6,namesilo,,,23/09/2026 09:05
e3fcd34e-4b23-4b65-a008-ad376e3c4c8b,carbonyl.ltda,available,34.99,34.99,medium,low,8,namesilo,,,11/08/2026 18:41
178ee9cb-ad0a-4b7d-b4e0-a7cff6f5761f,bonnie.ltda,available,34.99,34.99,high,low,6,namesilo,,,10/08/2026 18:47
2666efdc-fc29-4fb1-815e-e72ea3b8e8d6,alienated.ltda,available,34.99,34.99,medium,low,9,namesilo,,,
d48fc2f5-a473-495d-ba9f-a148a910df95,unborn.ltda,available,34.99,34.99,high,low,6,namesilo,,,12/09/2026 02:23
902f544e-6a94-4f96-917a-bc1cdf18baae,slouchy.ltda,available,42.98,46.98,medium,low,7,namecheap,,,19/09/2026 04:23
289ae8e5-1df0-44e0-8ee2-8b9652ea0b52,splitting.ltda,available,34.99,34.99,high,low,9,namesilo,,,09/09/2026 14:01
2da96ec9-1eb1-4dc9-9451-044ce3d3f5db,episcopal.ltda,available,34.99,34.99,medium,low,9,namesilo,,,17/08/2026 11:09
2c5b6767-0494-4f8f-9f27-caa05600d2ce,imaginary.ltda,available,42.98,46.98,high,low,9,namecheap,,,21/08/2026 20:16
15f42ed7-deb3-47af-81df-869e3309cde9,halfway.ltda,available,34.99,34.99,high,low,7,namesilo,,,11/08/2026 23:56
659b6dd7-ebaf-420d-b4ef-89dbc28fbf7d,sustained.ltda,available,34.99,34.99,high,low,9,namesilo,,,18/08/2026 14:51
81b57711-7893-4a6a-8fb1-1350da3c12b1,disjoined.ltda,available,34.99,34.99,medium,low,9,namesilo,,,14/08/2026 11:07
679ef56f-232a-445c-b00b-fdcf24d7e105,darned.ltda,available,34.99,34.99,medium,low,6,namesilo,,,10/08/2026 12:41
03f906ad-9bf0-4805-9506-462b94397465,marian.ltda,available,34.99,34.99,high,low,6,namesilo,,,24/08/2026 15:53
d58a6c9a-06ca-4b88-910e-1e1c55f3d3f5,unintended.ltda,available,34.99,34.99,medium,low,10,namesilo,,,12/09/2026 13:30
f0353892-0601-4b03-ace5-e87b0b7a774d,bewilder.ltda,available,34.99,34.99,high,low,8,namesilo,,,21/09/2026 17:30
e0b912f1-e0cc-4cbf-a5a5-d5c01ed17e9e,deadlifts.ltda,available,34.99,34.99,medium,low,9,namesilo,,,21/09/2026 05:50
8fdaf847-8e9c-4fcf-8ac7-338c046d3b0c,zymotic.ltda,available,34.99,34.99,medium,low,7,namesilo,,,13/09/2026 15:57
a2709f17-a116-4b9a-92ca-b521ffbc0e9b,page.ltda,available,34.99,34.99,high,low,4,namesilo,,,
29fc4aa5-d164-4963-9c0b-37c30f266a1c,guiding.ltda,available,34.99,34.99,high,low,7,namesilo,,,14/08/2026 08:49
55d026f5-a08d-4bba-8392-29cba5ca8a15,overseas.ltda,available,34.99,34.99,high,medium,8,namesilo,,,21/09/2026 14:34
d6c2495d-b074-4fd5-915c-fd39975fcf32,monogamous.ltda,available,34.99,34.99,high,low,10,namesilo,,,25/08/2026 05:11
c84b9e82-eb96-45eb-94ec-dd166fba9063,hectically.ltda,available,42.98,46.98,medium,low,10,namecheap,,,14/09/2026 20:02
7f7b9ae1-f0e1-45d4-8c50-ac3cf49888e1,blackbird.ltda,available,34.99,34.99,high,low,9,namesilo,,,24/09/2026 02:07
7df63805-0a08-461e-a3c2-9c60527c22ac,stayed.ltda,available,34.99,34.99,medium,low,6,namesilo,,,27/09/2026 02:56
97def5c8-4730-45aa-949d-cfef48e6aea2,unthankful.ltda,available,34.99,34.99,medium,low,10,namesilo,,,11/09/2026 12:29
206b5640-0559-4a43-9199-b771f82c7149,carthusian.ltda,available,42.98,46.98,high,low,10,namecheap,,,11/08/2026 19:53
9059423b-aeb9-44c2-a9bc-e3c2a434da19,outclassed.ltda,available,42.98,46.98,medium,low,10,namecheap,,,04/09/2026 19:12
9b9118c3-2a35-4902-8e27-bb905e5667c8,epos.ltda,available,34.99,34.99,high,low,4,namesilo,,,17/08/2026 10:28
6ef6aca9-85c5-4ee8-9a40-70e6d6cf99a5,caudate.ltda,available,34.99,34.99,medium,low,7,namesilo,,,11/08/2026 22:26
3b42ca25-203c-4f2d-9574-7369cf4b8765,bye.ltda,premium,56.64,33.04,high,low,3,namesilo,,,
081eaee6-908a-484e-92ef-0160b40841dd,clitoral.ltda,available,34.99,34.99,medium,low,8,namesilo,,,12/08/2026 11:25
eaea4eb0-6222-4c21-a05f-00763a79e701,tannish.ltda,available,34.99,34.99,medium,low,7,namesilo,,,11/09/2026 08:03
25695904-7ec9-47d3-b4a3-b8dd1004e70e,deplorable.ltda,available,42.98,46.98,medium,low,10,namecheap,,,12/08/2026 20:22
4d9ea44f-d733-42ca-8ac2-08cdc62941df,gibber.ltda,available,34.99,34.99,medium,low,6,namesilo,,,23/09/2026 23:36
77a70338-78ce-4188-8537-c13bd11b71b3,nicholas.ltda,available,34.99,34.99,high,low,8,namesilo,,,28/09/2026 02:29
9a8c956a-7cdb-47ed-b74f-8f79e49ddb57,wedge.ltda,available,34.99,34.99,high,low,5,namesilo,,,
283827a7-58f4-4f5e-9b32-839c519f9383,resentment.ltda,available,34.99,34.99,medium,low,10,namesilo,,,23/09/2026 23:03
53b1b8bb-f989-451d-9734-64288d852279,anhedonia.ltda,available,34.99,34.99,medium,low,9,namesilo,,,19/09/2026 07:46
cd3677ee-924e-40fd-9ad8-1947614b0bb7,angevin.ltda,available,42.98,46.98,medium,low,7,namecheap,,,19/09/2026 06:06
793e1c89-f174-4fb4-b770-7201f97047cf,vaned.ltda,available,34.99,34.99,medium,low,5,namesilo,,,13/09/2026 01:06
fedc0395-49f4-4713-99ca-c0ccffda3d52,coeliac.ltda,available,34.99,34.99,medium,low,7,namesilo,,,12/08/2026 15:21
4b13533f-64db-483a-9e72-232579d26e9b,dancing.ltda,premium,56.64,33.04,high,low,7,namesilo,,,25/09/2026 04:44
4d73ee1d-4e10-4959-9df1-30a07cbe4cb3,agnomen.ltda,available,34.99,34.99,medium,low,7,namesilo,,,17/09/2026 18:44
e870b97e-f7ea-4632-a56a-4e9971169ea9,rican.ltda,available,34.99,34.99,high,low,5,namesilo,,,25/09/2026 13:13
fbe68cde-930b-4fc6-82db-00352a16eae6,corelli.ltda,available,34.99,34.99,medium,low,7,namesilo,,,20/09/2026 01:37
fb83eaf8-1658-4e24-971e-1f6fc6e3c806,ruse.ltda,available,34.99,34.99,high,low,4,namesilo,,,20/09/2026 11:33
3c5fe4c2-4f31-4ea0-825f-706cd7ba3dc6,mimicry.ltda,available,42.98,46.98,medium,low,7,namecheap,,,19/09/2026 16:43
8e7418c8-68af-4c42-bc68-326327c5e96b,astrology.ltda,available,42.98,46.98,high,low,9,namecheap,,,20/09/2026 17:48
2b8e3b1f-7aa3-402f-accc-e048b331dfd4,descend.ltda,available,34.99,34.99,high,low,7,namesilo,,,
4b24a551-321d-43dd-9fd9-6936f79c0dce,abwatt.ltda,available,34.99,34.99,medium,low,6,namesilo,,,16/09/2026 19:39
d6f02854-6d7d-4d39-ab25-b091f6547ceb,bushy.ltda,available,34.99,34.99,high,low,5,namesilo,,,11/08/2026 11:15
84f3ff19-8e27-4b8f-9674-25a12ce9d37b,attribute.ltda,available,34.99,34.99,high,low,9,namesilo,,,21/09/2026 02:16
f442effc-bd38-475e-b1fb-b9a404127cb9,fog.ltda,available,34.99,34.99,high,low,3,namesilo,,,25/09/2026 23:40
58f73390-e0d7-4c73-8ed0-cc79c1f8352a,minimally.ltda,available,34.99,34.99,medium,low,9,namesilo,,,15/09/2026 15:02
d4a3d4ca-6b2c-4c50-80d9-802452aaa39f,topped.ltda,available,42.98,46.98,medium,low,6,namecheap,,,11/09/2026 17:53
2d908e12-93a8-4cf3-834e-cacf18917d35,prepared.ltda,available,34.99,34.99,high,low,8,namesilo,,,24/09/2026 11:20
d3831808-20d4-4d21-a399-7a6d993cc40b,azt.ltda,available,42.98,46.98,high,low,3,namecheap,,,21/09/2026 11:33
bcd0b1f7-7047-4ad6-a249-91d296a8dce2,carmichael.ltda,available,42.98,46.98,high,low,10,namecheap,,,28/09/2026 02:01
e4e65de6-5233-47a7-9d1c-88974cb21072,finespun.ltda,available,34.99,34.99,medium,low,8,namesilo,,,18/08/2026 04:51
57040d1c-21d4-4c9c-8a02-d3e00d5c35ad,parents.ltda,available,34.99,34.99,high,low,7,namesilo,,,
7cb10db8-4a8a-4a8d-98c4-026ce2a3bfe6,drafty.ltda,available,42.98,46.98,medium,low,6,namecheap,,,14/08/2026 18:12
7ecae044-98aa-4eda-bf8f-93b166d1e135,omissive.ltda,available,34.99,34.99,medium,low,8,namesilo,,,04/09/2026 02:28
5af2df3a-35ee-4bb9-b7f2-ade296523dd9,constantly.ltda,available,34.99,34.99,high,low,10,namesilo,,,
46665c5d-402a-4ce7-9635-761ae149d549,bared.ltda,available,34.99,34.99,medium,low,5,namesilo,,,22/09/2026 17:24
16b51582-a577-4e01-b45e-54ef88723840,permutation.ltda,available,46.98,,high,low,11,namecheap,,,
74bbe291-f3e1-4cb0-87d3-8290df3575a8,consensus.ltda,available,34.99,34.99,high,low,9,namesilo,,,
1c494bee-fdbf-486c-b29b-cea7636fb8b9,savings.ltda,premium,66.3,66.3,high,low,7,namecheap,,,26/09/2026 03:10
ac864160-0661-43ff-8ed4-b6e91491e715,edacious.ltda,available,34.99,34.99,medium,low,8,namesilo,,,15/08/2026 05:24
6d94e32a-c013-441c-97db-19db8cd394e0,gay.ltda,available,42.98,46.98,high,medium,3,namecheap,,,23/09/2026 09:22
5351f597-8d54-485b-8030-4592731ff726,tactual.ltda,available,34.99,34.99,medium,low,7,namesilo,,,21/08/2026 00:04
b87370b8-6b5c-4f41-9023-bf7ed6c0f4a2,demonstrates.ltda,available,34.99,34.99,medium,low,12,namesilo,,,20/09/2026 23:55
25cf00f2-dcab-41f2-9d5c-acd888f0d984,recluse.ltda,available,34.99,34.99,high,low,7,namesilo,,,09/09/2026 11:38
5c612456-e2cb-4d57-a1c7-a5c4da2438cc,defect.ltda,available,34.99,34.99,high,low,6,namesilo,,,24/09/2026 05:34
a1faee3c-3b25-48bd-89e4-e3fd06c0076f,undogmatic.ltda,available,34.99,34.99,medium,low,10,namesilo,,,18/08/2026 14:50
63f04b01-f769-45b2-ac4a-d5cfa83ebf2f,rightly.ltda,available,34.99,34.99,high,low,7,namesilo,,,15/09/2026 10:16
c7d36761-9e8c-444a-961f-27f4404dd447,slighting.ltda,available,34.99,34.99,medium,low,9,namesilo,,,09/08/2026 13:15
fb3bbc8e-d3ad-45b8-bc02-3ad74d7e4654,karpov.ltda,available,34.99,34.99,high,low,6,namesilo,,,19/09/2026 03:27
f765ce2b-7919-4cde-81c7-fb92e72c4687,models.ltda,premium,56.64,33.04,high,low,6,namesilo,,,27/09/2026 10:25
be8aac5d-c396-43ee-af5a-a2fab024b050,bathyal.ltda,available,34.99,34.99,low,low,7,namesilo,,,09/08/2026 01:34
efb0e256-8a9d-4015-b619-00d18441b1c8,vagabond.ltda,available,42.98,46.98,high,low,8,namecheap,,,14/08/2026 19:16
e4c6dca0-16f7-4ac4-a22d-3e4501561903,untaught.ltda,available,42.98,46.98,medium,low,8,namecheap,,,12/09/2026 18:56
259bdb6d-22f8-409d-8df3-45db486ddcff,birthrate.ltda,available,42.98,46.98,medium,low,9,namecheap,,,23/09/2026 20:56
94a54417-a570-430b-851d-4faaaf2453fc,tetanic.ltda,available,34.99,34.99,medium,low,7,namesilo,,,11/09/2026 12:08
78219018-6fd4-4585-b576-4150baf336bf,fueled.ltda,available,34.99,34.99,high,low,6,namesilo,,,18/08/2026 17:37
0cdb239d-935e-419c-990f-f09947a9c573,nonplus.ltda,available,34.99,34.99,medium,low,7,namesilo,,,21/09/2026 17:34
dd90576a-f2eb-4b06-91fa-ecb1410c2870,apsu.ltda,available,34.99,34.99,medium,low,4,namesilo,,,19/09/2026 22:37
b2b0d44f-7ba1-4ce3-840b-92052d0f7e8e,eyeless.ltda,available,42.98,46.98,medium,low,7,namecheap,,,17/08/2026 20:02
bd58618a-f237-41ad-9d6e-ea28ed150329,intention.ltda,available,34.99,34.99,high,low,9,namesilo,,,22/08/2026 07:55
b3ddeefd-736f-452a-82b3-0c93bc0ad36c,mule.ltda,available,34.99,34.99,high,low,4,namesilo,,,28/09/2026 06:56
0fd7745c-0a05-4c4a-ad44-81e398b7d4c1,blunt.ltda,available,34.99,34.99,high,low,5,namesilo,,,22/09/2026 23:15
b19da0c1-e729-4f34-9969-a0675c4ea9a0,acropetal.ltda,available,34.99,34.99,medium,low,9,namesilo,,,
9e1a983a-e3cd-4796-afff-46388a872137,degrees.ltda,premium,66.3,66.3,medium,low,7,namecheap,,,25/09/2026 17:04
334aca93-75fc-4a1a-9229-9c27ab8a745f,carambola.ltda,available,34.99,34.99,medium,low,9,namesilo,,,21/09/2026 09:14
f3980025-471b-4958-a2ce-6f9a35e5ce16,drippy.ltda,available,34.99,34.99,medium,low,6,namesilo,,,09/08/2026 00:32
b1d95243-1ea7-4591-8f74-d7bee8378ff3,lugubrious.ltda,available,34.99,34.99,medium,low,10,namesilo,,,24/08/2026 11:04
c51e497a-007c-4442-93a4-38cf7b384d4e,complexity.ltda,available,42.98,46.98,high,low,10,namecheap,,,24/09/2026 16:49
b4774193-6152-4624-8716-130307ab4de7,affirmative.ltda,available,34.99,34.99,high,low,11,namesilo,,,
d2de67d5-9a62-40ce-aed1-29446061b4a5,shut.ltda,available,34.99,34.99,high,low,4,namesilo,,,12/08/2026 12:10
24a5122d-7890-4c69-8280-bad61425d27f,haughty.ltda,available,34.99,34.99,medium,low,7,namesilo,,,21/08/2026 01:24
51d9d02f-0306-4db6-867b-338378ad2aee,clothed.ltda,available,34.99,34.99,high,low,7,namesilo,,,12/08/2026 09:12
8dff8bac-65a3-4cba-b05d-6dfb6f690543,reportable.ltda,available,34.99,34.99,high,low,10,namesilo,,,09/09/2026 14:36
7a683c5c-c006-4a35-9feb-6cd09584a49e,leonard.ltda,available,34.99,34.99,high,low,7,namesilo,,,25/09/2026 22:27
efd0a93c-5a58-4a89-b089-d8f458242040,rolls.ltda,available,34.99,34.99,high,low,5,namesilo,,,27/09/2026 07:45
0035fd69-09bf-41ab-932e-a61d8fa7c109,orangish.ltda,available,34.99,34.99,medium,low,8,namesilo,,,04/09/2026 17:26
cb275c14-95f3-44e1-95b1-168be082ec63,avoiding.ltda,available,34.99,34.99,high,low,8,namesilo,,,28/09/2026 03:32
c8ab8e93-e0f2-4869-b72c-c895b6a3d42f,alkyl.ltda,available,34.99,34.99,high,low,5,namesilo,,,18/09/2026 08:34
fe6aa0f2-e05c-422f-b14e-23504d36d98f,kale.ltda,available,34.99,34.99,high,low,4,namesilo,,,24/09/2026 06:48
be40cf92-547c-4c14-aa3a-328638645dc2,ytterbium.ltda,available,34.99,34.99,medium,low,9,namesilo,,,20/09/2026 23:38
9413b717-8501-4bc0-a331-5feb14959720,avesta.ltda,available,34.99,34.99,medium,low,6,namesilo,,,21/09/2026 09:22
62848580-852e-4b2f-99ef-ad1344ea8de5,biscuit.ltda,available,42.98,46.98,high,low,7,namecheap,,,23/09/2026 21:32
ea3b320c-7a56-4844-b664-3d8c16a0d070,acarus.ltda,available,42.98,46.98,medium,low,6,namecheap,,,16/09/2026 21:38
b419ec93-8678-4c62-bd5f-1bfedaf0be74,hoary.ltda,available,42.98,46.98,medium,low,5,namecheap,,,20/08/2026 19:20
c6007066-9f99-47d2-b7af-1c2bbb74793c,vhs.ltda,available,34.99,34.99,high,low,3,namesilo,,,16/09/2026 06:26
48576af4-785f-46df-89db-3e647016d4c7,deciders.ltda,available,49.99,52.99,medium,low,8,name.com,,,20/09/2026 23:38
c180c5bb-51c8-4133-8cc1-8337a0c10017,inca.ltda,available,34.99,34.99,high,low,4,namesilo,,,22/08/2026 00:46
486bdcb5-dab6-4bd9-bdfa-bd40f78b5c4c,lied.ltda,available,42.98,46.98,high,low,4,namecheap,,,25/09/2026 08:58
2ed55d07-fc74-4c60-afe0-770ffa6b2091,susquehanna.ltda,available,34.99,34.99,medium,low,11,namesilo,,,27/09/2026 01:59
8ccc4172-6684-47e5-bc87-c06d243a33d5,beecher.ltda,available,42.98,46.98,medium,low,7,namecheap,,,23/09/2026 00:12
0c3d9abd-9a48-4934-ad66-8fe31749d85d,slicker.ltda,available,34.99,34.99,medium,low,7,namesilo,,,23/09/2026 02:58
889c70ae-89f5-402c-b014-a7198d7f9ba5,next.ltda,premium,56.64,33.04,high,high,4,namesilo,,,
59ea0433-f524-4021-8054-184d78732d99,garbage.ltda,available,34.99,34.99,high,low,7,namesilo,,,25/09/2026 00:12
0e7f4d3d-311c-4870-bb57-140015fc359e,peterborough.ltda,available,34.99,34.99,medium,low,12,namesilo,,,28/09/2026 07:36
58696726-edd6-4dfb-b8cc-d3dfd541f199,whop.ltda,available,34.99,34.99,high,low,4,namesilo,,,22/09/2026 10:29
82caa13b-8d28-4351-99fa-fb67cc4ef3f6,formally.ltda,available,34.99,34.99,high,low,8,namesilo,,,14/09/2026 19:42
6524a1f4-2029-465b-84f8-19427fff0ab1,chartreuse.ltda,available,34.99,34.99,medium,low,10,namesilo,,,12/08/2026 02:57
9a5c32d3-357f-4642-ae5d-c97c765f85fb,grinning.ltda,available,34.99,34.99,high,low,8,namesilo,,,27/09/2026 23:14
f93c189c-f5c3-40e4-82ea-2f75226e5264,grimly.ltda,available,34.99,34.99,medium,low,6,namesilo,,,14/09/2026 22:25
697e758c-02b4-445f-b851-bd41797ad28d,adjutant.ltda,available,34.99,34.99,high,low,8,namesilo,,,17/09/2026 08:35
6bf2bc85-dbff-4146-a843-e38aa0f41101,massages.ltda,available,34.99,34.99,medium,low,8,namesilo,,,20/09/2026 09:22
cbfa34c7-de20-4e94-b2b5-54753620552c,cpr.ltda,available,34.99,34.99,high,low,3,namesilo,,,24/09/2026 12:51
33be9186-8b69-4791-8f32-e1233fcd38e9,concession.ltda,available,42.98,46.98,high,low,10,namecheap,,,24/09/2026 17:04
b37e36e7-10bb-4561-8bd8-d6fb662ff951,once.ltda,available,34.99,34.99,high,low,4,namesilo,,,24/09/2026 15:11
263aa5ce-ad54-481a-b18b-7e444c08aca6,remained.ltda,available,34.99,34.99,medium,low,8,namesilo,,,18/09/2026 11:23
c32c138b-a9a8-43b5-a28b-a1448f574335,aperture.ltda,available,42.98,46.98,high,low,8,namecheap,,,19/09/2026 16:35
38b95701-a617-452b-ac50-bf4c54f6290e,contest.ltda,available,34.99,34.99,high,low,7,namesilo,,,
16a06e3c-bff1-4af8-930d-2067a866d70b,sort.ltda,available,42.98,46.98,high,low,4,namecheap,,,25/09/2026 12:43
a8b7e116-bb9d-4814-a98b-38cb6820743c,quarter.ltda,available,34.99,34.99,high,low,7,namesilo,,,28/09/2026 00:50
30d62619-0da8-4525-98a3-1fdd66c322c0,adaptor.ltda,available,42.98,46.98,high,low,7,namecheap,,,17/09/2026 06:32
3239340f-bda2-4d2d-89c0-00d48356e673,numinous.ltda,available,34.99,34.99,medium,low,8,namesilo,,,03/09/2026 23:01
a532910d-b006-43d0-98b2-c5fd0ae6f16d,chorale.ltda,available,34.99,34.99,high,low,7,namesilo,,,12/08/2026 07:04
73fd3073-40b7-4c69-8b33-2119e8b2d9d4,center.ltda,premium,66.3,66.3,high,low,6,namecheap,,,23/09/2026 13:19
dc33e523-1cb1-424b-afce-4901b83e82fa,imitative.ltda,available,34.99,34.99,medium,low,9,namesilo,,,13/08/2026 03:34
25d645e7-1cc5-4e12-a2f5-1550b0b74d73,principle.ltda,available,34.99,34.99,high,low,9,namesilo,,,27/09/2026 15:26
2767471f-527b-462e-af40-d3bcd4608fe7,claimed.ltda,available,34.99,34.99,medium,low,7,namesilo,,,27/09/2026 23:56
f9c70504-f3b0-4631-8a02-c7835618579b,fourteen.ltda,available,42.98,46.98,high,low,8,namecheap,,,21/09/2026 11:38
321d1323-f23a-48cb-8e1b-40ef31d73313,jokingly.ltda,available,34.99,34.99,medium,low,8,namesilo,,,14/09/2026 17:23
97877d42-63d1-4d95-aaa0-3500dd2f7aa6,toxic.ltda,available,34.99,34.99,high,low,5,namesilo,,,
4d9ccf30-871a-4c71-bdb1-3c9fe695b2f1,attendee.ltda,available,34.99,34.99,high,low,8,namesilo,,,21/09/2026 01:26
8ca87b10-eb4b-4346-b207-f8da54764d01,surveillance.ltda,available,34.99,34.99,high,low,12,namesilo,,,27/09/2026 08:40
fb3280a8-d942-47a7-9048-909884322e4a,communication.ltda,available,34.99,34.99,high,low,13,namesilo,,,25/09/2026 03:16
acfb1bf6-f004-4926-8952-39367846a3ac,graven.ltda,available,34.99,34.99,medium,low,6,namesilo,,,17/08/2026 07:43
0e4d8ba1-7d08-426c-beea-7e7f7925dab5,lean.ltda,premium,56.64,33.04,high,low,4,namesilo,,,22/08/2026 22:04
aa53a24c-8e27-4f88-adc7-7fd4ec7e84cb,roses.ltda,available,42.98,46.98,high,low,5,namecheap,,,17/09/2026 21:17
77c27068-8500-4b40-b514-253d962348a4,unhealed.ltda,available,34.99,34.99,medium,low,8,namesilo,,,12/09/2026 12:08
b97aca4e-19b8-4c93-95f9-df5750b14c54,guinness.ltda,available,34.99,34.99,high,low,8,namesilo,,,18/09/2026 04:41
cefdc164-f7e5-483f-a9d3-370f77cb1d1e,agua.ltda,premium,66.3,66.3,high,low,4,namecheap,,,17/09/2026 20:04
45608432-a347-4131-8c8f-1c14bcf522e1,ideas.ltda,available,34.99,34.99,high,low,5,namesilo,,,
df80a0fb-de2e-4ba3-843c-b8d6025c15cd,boolean.ltda,available,42.98,46.98,high,low,7,namecheap,,,10/08/2026 19:12
91ee0d40-0619-4165-b6a9-d0e9bfec5070,hartman.ltda,available,42.98,46.98,high,low,7,namecheap,,,28/09/2026 00:35
63a8efb8-3f84-4bac-a4e3-a5c774c04076,vigilantly.ltda,available,49.99,52.99,medium,low,10,name.com,,,16/09/2026 10:54
8503603f-1d1e-4a0b-85e5-9872ef550e9b,autonomic.ltda,available,34.99,34.99,high,low,9,namesilo,,,07/08/2026 20:52
fbfcca17-25c8-438d-b06e-86db79eb9702,multiply.ltda,available,34.99,34.99,high,low,8,namesilo,,,15/09/2026 15:37
afa77a36-cfc1-48e8-933a-c16b756b7dd0,annum.ltda,available,34.99,34.99,high,low,5,namesilo,,,19/09/2026 11:04
c8efc2b3-1eb3-4bba-a915-40d550e4df1e,smooth.ltda,available,49.99,52.99,high,low,6,name.com,,,24/09/2026 20:14
3508b5b8-5830-4e7c-a814-ab4190c1378c,adiabatic.ltda,available,34.99,34.99,medium,low,9,namesilo,,,
9f17b8eb-392e-4bab-9de2-e062655ddd15,stalled.ltda,available,34.99,34.99,medium,low,7,namesilo,,,20/09/2026 17:27
f0ff7bed-059a-4388-85be-fa3e4539dd88,botched.ltda,available,34.99,34.99,medium,low,7,namesilo,,,10/08/2026 20:51
d468e3b8-8d8f-48d1-b00a-694dc07eeda4,manioc.ltda,available,42.98,46.98,medium,low,6,namecheap,,,23/09/2026 22:51
4eeeccbd-43a2-42ed-827d-dea80a455d54,sauna.ltda,premium,56.64,33.04,high,low,5,namesilo,,,
652a9351-ecf6-43a7-84b0-ded21d66eef1,unstarred.ltda,available,34.99,34.99,medium,low,9,namesilo,,,12/09/2026 01:15
89d99ac5-f8c4-4734-9497-e8c7d6d14817,gallantly.ltda,available,34.99,34.99,medium,low,9,namesilo,,,14/09/2026 06:45
0658b69a-0fa6-4b2a-9edf-73a3dac5c2ff,exclamation.ltda,available,46.98,,high,low,11,namecheap,,,
91467ae8-1479-485f-8213-4e1bbd42ad78,miguel.ltda,available,34.99,34.99,high,low,6,namesilo,,,25/09/2026 14:22
51e4740a-b60a-4b1b-9a12-b85516fcf3f5,welshman.ltda,available,34.99,34.99,medium,low,8,namesilo,,,13/09/2026 10:44
54b73ed6-ee1d-4e97-be84-09e93b3fc22c,pressing.ltda,available,34.99,34.99,high,low,8,namesilo,,,27/09/2026 05:26
5b339a67-e64a-4f15-9267-51e41fe44b92,wailing.ltda,available,42.98,46.98,medium,low,7,namecheap,,,22/08/2026 19:04
e8db3c21-680f-410e-b9fe-ac2c0c6da615,blunted.ltda,available,34.99,34.99,medium,low,7,namesilo,,,10/08/2026 16:17
d0ddda5e-73fe-44ff-99e4-cceafba8abdc,primes.ltda,available,42.98,46.98,medium,low,6,namecheap,,,20/09/2026 11:21
7a6f236d-e514-463f-a5e9-d0ba55120793,drab.ltda,available,34.99,34.99,medium,low,4,namesilo,,,14/08/2026 11:43
5a99617c-533d-469e-b15d-88646816e0c8,motored.ltda,available,34.99,34.99,medium,low,7,namesilo,,,25/08/2026 08:30
78825b71-96b7-48a8-95de-4814f6d97f1d,testing.ltda,available,46.98,,high,low,7,namecheap,,,
7e4eaf44-318a-49cc-afbd-b511894bb4cf,song.ltda,premium,56.64,33.04,high,low,4,namesilo,,,
ea237d7a-a33a-4564-a58c-02ea88959533,intact.ltda,available,34.99,34.99,high,low,6,namesilo,,,22/08/2026 07:49
313a53d2-b858-4ed4-82ae-c500cc7dfb03,pegs.ltda,available,34.99,34.99,medium,low,4,namesilo,,,20/09/2026 09:49
a82e4aef-c747-4512-b0bc-473be67884ac,accessible.ltda,available,34.99,34.99,high,low,10,namesilo,,,21/09/2026 15:38
34e4815b-df58-4f9b-91cb-2a9edb5c9aa9,cultivator.ltda,available,42.98,46.98,medium,low,10,namecheap,,,17/09/2026 19:20
7fbc5ee6-e20e-4f7c-8540-d80079b2088d,heal.ltda,available,46.98,,high,low,4,namecheap,,,
0a44bff9-4875-48ce-8e1a-beaeecbe2abc,wickedness.ltda,available,34.99,34.99,medium,low,10,namesilo,,,17/08/2026 15:06
904acccf-864e-4c65-b916-dbb843d0fd0e,downturn.ltda,available,34.99,34.99,medium,low,8,namesilo,,,24/09/2026 23:42
df7a10b7-47e7-45f3-8ea1-5b247516f9b1,lutzen.ltda,available,34.99,34.99,medium,low,6,namesilo,,,22/09/2026 15:24
70f570e3-da60-4b3b-9a04-c52e9022bd73,decision.ltda,available,34.99,34.99,high,low,8,namesilo,,,24/09/2026 17:06
4427fb35-bb86-4ce7-9542-8dfdf2a9ad25,doc.ltda,available,34.99,34.99,high,medium,3,namesilo,,,24/09/2026 16:30
bd261975-1f02-45ab-88d9-d210b9fe5043,length.ltda,available,34.99,34.99,high,low,6,namesilo,,,
675176ff-b30c-4518-b7dc-2be421ed7cfb,philippi.ltda,available,42.98,46.98,medium,low,8,namecheap,,,22/09/2026 15:38
e5a01c24-b6e0-43e6-8764-1b05a38c1502,bearish.ltda,available,34.99,34.99,medium,low,7,namesilo,,,09/08/2026 04:48
1be10a7e-8421-4d1b-98a1-af7d4ea9da59,advancer.ltda,available,34.99,34.99,medium,low,8,namesilo,,,17/09/2026 10:28
a6c7a7dc-2049-4294-b319-eb3c6a051849,unshared.ltda,available,34.99,34.99,medium,low,8,namesilo,,,12/09/2026 19:38
c297fd78-7df4-40ff-a668-10a517a0325a,extrovert.ltda,available,42.98,46.98,high,low,9,namecheap,,,17/08/2026 19:27
f9715ae1-a2a0-4c13-942d-48fb5da2f041,poll.ltda,available,34.99,34.99,high,low,4,namesilo,,,
71ca61d7-0f04-41c0-aad4-6545498806ed,laureate.ltda,available,42.98,46.98,high,low,8,namecheap,,,22/08/2026 20:57
028dabdc-7d38-428c-869c-a6362ef06244,carve.ltda,available,49.99,52.99,high,low,5,name.com,,,13/08/2026 12:51
8f6cdb53-6666-43d1-88f4-6e39ae845a8c,statement.ltda,available,34.99,34.99,high,low,9,namesilo,,,28/09/2026 05:17
17813b20-27e4-4c72-a93b-6ad0a9fdeaf1,yttrium.ltda,available,49.99,52.99,medium,low,7,name.com,,,20/09/2026 23:00
a52eda54-6dea-468f-b1d9-7005b0e5d711,garcia.ltda,available,42.98,46.98,high,low,6,namecheap,,,25/09/2026 20:50
440dbb93-90dd-40ff-9caf-d237ec157ec4,gulf.ltda,available,34.99,34.99,high,low,4,namesilo,,,
0456ba84-b14c-4f61-bd6f-462f5e693a3f,accurate.ltda,available,34.99,34.99,high,low,8,namesilo,,,21/09/2026 15:59
f7a70fec-82ce-499f-9b7b-912acb4e9956,zoological.ltda,available,34.99,34.99,high,low,10,namesilo,,,13/09/2026 15:33
3393a8fd-7c9b-4970-bbdf-f2a3d5a55697,revealing.ltda,available,42.98,46.98,high,low,9,namecheap,,,27/09/2026 13:41
8a3df7f6-be0b-4715-88a9-a4e14a847e75,shuttered.ltda,available,34.99,34.99,medium,low,9,namesilo,,,10/09/2026 07:21
ad879f92-f611-4d61-a6a7-28c3771d1b5e,acetous.ltda,available,34.99,34.99,medium,low,7,namesilo,,,
ddb4b43c-83be-4b6f-bbe3-34cfd0b34d88,epochal.ltda,available,34.99,34.99,medium,low,7,namesilo,,,17/08/2026 11:24
db0bc237-f434-420d-bede-dd581c0ecc99,auntie.ltda,available,34.99,34.99,high,low,6,namesilo,,,21/09/2026 04:11
d00e3aa4-c138-413f-acd9-590094203ea1,hollow.ltda,available,34.99,34.99,high,low,6,namesilo,,,21/08/2026 10:31
7491ca59-18de-4188-95a2-9b632081be26,inaccurate.ltda,available,34.99,34.99,medium,low,10,namesilo,,,22/08/2026 00:09
55260d37-c18a-40d7-8071-3a5257b94df7,biosphere.ltda,available,49.99,52.99,high,low,9,name.com,,,23/09/2026 19:04
eded3d87-ec20-47f8-9b69-c779832330d5,antonymous.ltda,available,34.99,34.99,medium,low,10,namesilo,,,05/08/2026 20:16
4716f44f-3633-498d-97b8-5a564a89b0b1,pulverized.ltda,available,34.99,34.99,medium,low,10,namesilo,,,18/08/2026 04:41
345215e8-e68c-4def-9d04-f68dc4c27078,scope.ltda,available,34.99,34.99,high,low,5,namesilo,,,18/09/2026 16:44
73c4b315-5dd8-4dd7-ac79-c9de964bf583,nanus.ltda,available,34.99,34.99,medium,low,5,namesilo,,,24/08/2026 22:32
d3dfec8f-4aba-4c19-b024-d3cab4531d27,angas.ltda,available,42.98,46.98,medium,low,5,namecheap,,,19/09/2026 05:46
913a617a-8653-4b3d-a9d2-d6fa5b044475,mutative.ltda,available,34.99,34.99,medium,low,8,namesilo,,,03/09/2026 11:48
281b6000-8ee8-4d20-9b7f-5d1e11159610,dactylic.ltda,available,49.99,52.99,medium,low,8,name.com,,,13/08/2026 15:27
dc57ff19-8042-44f0-b7d6-ace43f899f72,affirmer.ltda,available,34.99,34.99,medium,low,8,namesilo,,,17/09/2026 14:33
fe639974-1c3a-40e3-b72a-2c072a643490,barbed.ltda,available,34.99,34.99,medium,low,6,namesilo,,,08/08/2026 16:36
d749aee4-2701-406e-98b8-c162711c3e52,albino.ltda,available,42.98,46.98,high,low,6,namecheap,,,18/09/2026 02:58
0dbc43f2-81ce-4245-82eb-dc133e1f398c,healthy.ltda,available,34.99,34.99,high,low,7,namesilo,,,24/09/2026 22:43
4ac614e0-c848-4541-bb39-f6683f585f1a,minus.ltda,available,34.99,34.99,medium,low,5,namesilo,,,25/08/2026 00:55
c5f75b6e-bea4-4233-8f2d-34367699b62a,kobe.ltda,available,55.99,55.99,high,low,4,godaddy,,,28/09/2026 02:14
13f9ab68-d1f2-4766-9a4e-bf8b94b0ff41,retired.ltda,available,29.35,30.16,high,low,7,porkbun,,,27/09/2026 13:17
3f7b0ef7-97b3-4b5d-a97c-2eb23367df02,betelgeuse.ltda,available,34.99,34.99,medium,low,10,namesilo,,,18/09/2026 13:39
582eea97-7c24-4c61-84e1-025e0fa34791,byword.ltda,available,34.99,34.99,medium,low,6,namesilo,,,17/09/2026 06:09
dd0586b7-8382-4778-8ac2-083517ef1bf3,humbug.ltda,available,34.99,34.99,medium,low,6,namesilo,,,21/09/2026 23:48
5c652b33-a5b2-4d79-97ca-7e06651a708c,planetal.ltda,available,42.98,46.98,medium,low,8,namecheap,,,08/09/2026 20:42
d9319e90-8cf9-45c3-80c7-045427ffd80e,painter.ltda,available,34.99,34.99,high,low,7,namesilo,,,27/09/2026 12:44
e7e9a726-83e6-4649-962a-978a5e810782,made.ltda,premium,56.64,33.04,high,medium,4,namesilo,,,25/09/2026 16:01
e4c55ef9-0a8f-46ec-97d9-efb0b908200a,cover.ltda,available,34.99,34.99,high,low,5,namesilo,,,22/09/2026 21:52
63e47657-f5f5-403e-8525-5303803f4a64,particles.ltda,available,34.99,34.99,medium,low,9,namesilo,,,
fdb2da9f-0896-4a5d-b350-985136c8166b,tempered.ltda,available,34.99,34.99,high,low,8,namesilo,,,11/09/2026 10:50
590b20d1-bd9e-4b0a-96e7-b8e028fcfa1e,alfalfa.ltda,available,34.99,34.99,high,low,7,namesilo,,,18/09/2026 06:07
1f74a8a6-f319-4608-83dc-bfc78a458317,affinal.ltda,available,34.99,34.99,medium,low,7,namesilo,,,
10a5885a-9e30-4118-bcd6-2403f4ad8db3,adamance.ltda,available,42.98,46.98,medium,low,8,namecheap,,,17/09/2026 06:15
1d49d367-e3fd-470e-859e-46ae92194323,categorically.ltda,available,34.99,34.99,medium,low,13,namesilo,,,
1256eec2-e19e-4a97-8bd2-2b3c6f5232e3,notifiable.ltda,available,34.99,34.99,medium,low,10,namesilo,,,03/09/2026 22:10
5aa66fdb-4907-4c99-93a8-e0324fac87ff,kenyan.ltda,available,34.99,34.99,high,low,6,namesilo,,,22/08/2026 15:34
f0ffd796-9295-4fe9-900e-5b51e497dfae,feels.ltda,available,34.99,34.99,high,low,5,namesilo,,,
f7019839-3cd8-431c-be6a-51a19ae5ea18,hollows.ltda,available,34.99,34.99,low,low,7,namesilo,,,20/09/2026 18:42
0723e232-90ad-4e41-a462-5e311f323210,ballistics.ltda,available,34.99,34.99,high,low,10,namesilo,,,21/09/2026 22:57
6381485c-702f-4a33-b8f2-962d2be90990,swish.ltda,available,34.99,34.99,high,low,5,namesilo,,,12/08/2026 09:55
b8000955-128e-421a-b81f-7f45c2966f13,cashew.ltda,available,42.98,46.98,high,low,6,namecheap,,,19/09/2026 01:00
6bfceea7-c1e6-4989-9ddf-c8475aee9ec5,vibrant.ltda,available,34.99,34.99,high,low,7,namesilo,,,13/09/2026 05:05
303cd37d-e23d-4cd9-bc35-335d4adf4332,abls.ltda,available,42.98,46.98,medium,low,4,namecheap,,,16/09/2026 16:13
71390fd0-3651-4fd8-a306-f88f05d616bd,legged.ltda,available,34.99,34.99,high,low,6,namesilo,,,22/08/2026 22:55
5d318fd6-e225-46f3-8f1a-f80cacaaca6c,overgrown.ltda,available,34.99,34.99,medium,low,9,namesilo,,,04/09/2026 20:42
43e4c74c-1a0f-40db-a71c-3feeaa9167bf,blackwater.ltda,available,34.99,34.99,medium,low,10,namesilo,,,24/09/2026 03:24
5a4adb7c-c745-4df6-8926-eba5e160a4af,hemal.ltda,available,42.98,46.98,medium,low,5,namecheap,,,20/08/2026 21:41
6c18177f-6ae3-48f6-91d3-ce0b8b5e3592,fitter.ltda,available,34.99,34.99,medium,low,6,namesilo,,,18/08/2026 05:48
4f14d0c2-0215-4631-a8df-9c279e274f75,tympanic.ltda,available,34.99,34.99,medium,low,8,namesilo,,,11/09/2026 22:25
9ee34b08-5726-4d1d-9789-338012f17dfb,goodman.ltda,available,34.99,34.99,high,low,7,namesilo,,,23/09/2026 08:16
4f7eca2e-a157-4333-8127-d9af1259a33c,arava.ltda,available,34.99,34.99,medium,low,5,namesilo,,,20/09/2026 00:28
46ec8dbf-eda2-4df2-8ce8-184b5db1fbce,onrush.ltda,available,34.99,34.99,medium,low,6,namesilo,,,21/09/2026 01:07
f006205e-2c26-4db1-b1ca-095e9ff137bd,banish.ltda,available,42.98,46.98,high,low,6,namecheap,,,24/09/2026 01:57
d93a62aa-88c8-4770-8659-68ab3e6eb9e3,nobly.ltda,available,34.99,34.99,medium,low,5,namesilo,,,15/09/2026 16:42
7a397736-cf7c-4c7d-bf02-858828cb32ab,smokeless.ltda,available,34.99,34.99,high,low,9,namesilo,,,10/09/2026 11:57
027043dc-394c-44e2-8a4b-79b8dc0ea8c6,begonia.ltda,available,34.99,34.99,medium,low,7,namesilo,,,23/09/2026 02:28
52f89ca3-6c7f-419e-82c3-872f0b5d2aeb,ambitious.ltda,available,34.99,34.99,high,low,9,namesilo,,,22/09/2026 03:59
a80fa385-ede1-4449-b509-5241a0fe5504,realty.ltda,premium,60,35,high,low,6,name.com,,,21/08/2026 21:24
9998d65c-589e-44a4-a7a3-8d17f8645edb,bloomfield.ltda,available,34.99,34.99,high,low,10,namesilo,,,25/09/2026 21:57
30e8d675-e08a-4ab7-9cc6-2f44ccfd6488,bakshis.ltda,available,34.99,34.99,medium,low,7,namesilo,,,21/09/2026 15:54
e424bd14-6697-42c0-900b-bff7cd442120,bite.ltda,available,34.99,34.99,high,low,4,namesilo,,,08/09/2026 13:01
7697255c-a4c7-4284-88a1-33e9a8fa406d,eleventh.ltda,available,34.99,34.99,high,low,8,namesilo,,,
945aeaa0-ed6d-494e-b8fe-bb749c52491a,speer.ltda,available,34.99,34.99,high,low,5,namesilo,,,18/09/2026 02:44
2c5aec82-34d0-4f01-86c4-9fb2d9f2b5b9,joyous.ltda,available,34.99,34.99,high,low,6,namesilo,,,22/08/2026 14:06
7f7f84ce-edb1-427e-98de-55a8c4885d64,balthazar.ltda,available,42.98,46.98,high,low,9,namecheap,,,22/09/2026 00:14
758ea0fe-636f-4385-acad-7e0ab99b5bcb,bride.ltda,available,34.99,34.99,high,low,5,namesilo,,,24/09/2026 10:31
be55c716-4aab-4da4-9db5-234e41ad49ed,gordon.ltda,available,34.99,34.99,high,low,6,namesilo,,,25/09/2026 11:43
d59689dc-5247-458b-aa83-3e0f100384ae,ovine.ltda,available,34.99,34.99,medium,low,5,namesilo,,,04/09/2026 22:07
14d15d4d-376a-4841-bc6e-c3bcafb418c7,maleficent.ltda,available,34.99,34.99,medium,low,10,namesilo,,,24/08/2026 13:58
3162ec4d-17e2-4ec6-8465-b4314750acec,adversary.ltda,available,42.98,46.98,medium,low,9,namecheap,,,17/09/2026 10:44
8f67e22a-2420-4199-9e2e-4ab7c245ec3d,tales.ltda,available,34.99,34.99,high,low,5,namesilo,,,18/09/2026 16:46
7226aa0f-9678-498f-9ede-f436022b1640,stanley.ltda,available,34.99,34.99,high,low,7,namesilo,,,25/09/2026 06:08
b8e4c2eb-f5ea-4021-a4f9-c1d4760313b7,parole.ltda,available,29.35,30.16,high,low,6,porkbun,,,28/09/2026 05:28
714cc6b9-db89-464d-8bdd-a907fafd8fe7,blench.ltda,available,34.99,34.99,medium,low,6,namesilo,,,04/09/2026 23:29
46645150-3bd7-414b-92a6-88bf89bc977b,pistol.ltda,available,34.99,34.99,high,low,6,namesilo,,,27/09/2026 04:22
0fdab90a-e5bf-41c2-a6fa-555e5ada8c3a,cupric.ltda,available,34.99,34.99,medium,low,6,namesilo,,,13/08/2026 10:49
59a1fb0e-8c9d-48f0-afa9-4d6baaad4dd5,crouch.ltda,available,34.99,34.99,medium,low,6,namesilo,,,10/09/2026 17:37
3011ebde-a0e3-4e65-9a3d-ca385722f069,organismic.ltda,available,42.98,46.98,medium,low,10,namecheap,,,04/09/2026 17:49
8b79f08d-6c25-4dc3-aec0-c362ac4f1232,strung.ltda,available,34.99,34.99,medium,low,6,namesilo,,,10/09/2026 22:54
a00c8913-4f3f-4e93-a2f4-ef0d07441508,dispatching.ltda,available,34.99,34.99,high,low,11,namesilo,,,
24ee1b7e-0fdf-44a3-8829-873c1b766c12,getatable.ltda,available,34.99,34.99,medium,low,9,namesilo,,,18/08/2026 23:00
2f3b8de2-7734-4e4e-b827-90549ab14878,bulla.ltda,available,34.99,34.99,medium,low,5,namesilo,,,24/09/2026 05:20
48d80f2e-d211-4e79-a3ae-b04265e6014e,pendant.ltda,available,34.99,34.99,high,low,7,namesilo,,,08/09/2026 14:12
9ed7a5af-424a-4c9b-8b86-70a3e7c4709a,ascites.ltda,available,34.99,34.99,medium,low,7,namesilo,,,20/09/2026 13:17
5f58fa11-cfa8-4e27-b985-e651ef46dbde,ours.ltda,available,34.99,34.99,high,low,4,namesilo,,,28/09/2026 04:28
75abe079-90e5-4938-a029-973ef6ceb540,crosstown.ltda,available,34.99,34.99,medium,low,9,namesilo,,,13/08/2026 08:13
7bc8adf5-1be5-486c-a58d-5b7f677aca9d,paperwork.ltda,available,42.98,46.98,high,low,9,namecheap,,,28/09/2026 02:53
e56bee99-be24-4c2b-813c-e441443edc60,hanukkah.ltda,available,34.99,34.99,high,low,8,namesilo,,,
2c919fd7-95d0-45c3-85c3-0eb84c8268c6,redberry.ltda,available,34.99,34.99,medium,low,8,namesilo,,,17/09/2026 04:20
94a2432d-0586-41a6-9cab-d61ddc95837d,engagement.ltda,available,34.99,34.99,high,low,10,namesilo,,,25/09/2026 10:18
c612d162-e878-463f-802e-a085c4960aae,important.ltda,premium,56.64,33.04,high,low,9,namesilo,,,22/09/2026 13:54
23260f5d-f358-4a40-a4da-77f9332b86dc,aircraft.ltda,available,34.99,34.99,high,low,8,namesilo,,,17/09/2026 23:03
8c4e5572-2dce-4043-9ec6-777cf66ee34e,privy.ltda,available,34.99,34.99,high,low,5,namesilo,,,09/09/2026 02:12
b3f30a4a-cc4b-47e7-a487-0af8a1a5d8b9,numerable.ltda,available,34.99,34.99,medium,low,9,namesilo,,,13/08/2026 03:32
8756bff3-b74e-42d5-acd9-fb7bf0215edb,trivial.ltda,available,42.98,46.98,high,low,7,namecheap,,,24/09/2026 17:54
6c27f2b9-0651-458f-9c83-6a9e4c375534,hahaha.ltda,available,46.98,,high,low,6,namecheap,,,
c421be82-f290-456f-a84d-dc456cfe46e4,ponderable.ltda,available,34.99,34.99,medium,low,10,namesilo,,,12/08/2026 15:42
42a90ebc-0165-4fa4-8941-ac1494369332,referees.ltda,available,34.99,34.99,medium,low,8,namesilo,,,20/09/2026 11:54
7f5ec80f-c0f7-467f-bfa6-b13b0057bfbe,activating.ltda,available,34.99,34.99,high,low,10,namesilo,,,
5080f263-ad77-4817-a227-25b9e37ae3b3,yourself.ltda,available,34.99,34.99,high,low,8,namesilo,,,25/09/2026 12:53
1496e7a5-101c-4a6b-a973-ab39d8f6ba7a,harriman.ltda,available,42.98,46.98,medium,low,8,namecheap,,,21/09/2026 09:11
f675626b-9791-46d2-a670-3b82dae09baf,across.ltda,available,34.99,34.99,high,low,6,namesilo,,,
0bbb8569-6bd4-4f5d-b0e6-949fe7d7bfff,piggy.ltda,available,34.99,34.99,high,low,5,namesilo,,,21/08/2026 10:19
4bf5b3ff-3fea-4798-8f21-e883060abbe2,detoxify.ltda,available,34.99,34.99,high,low,8,namesilo,,,
e2d8e11f-d268-4921-9e97-ff953542e268,voiceless.ltda,available,34.99,34.99,medium,low,9,namesilo,,,05/08/2026 23:23
8f2b9bd6-d388-4b70-9281-a465e5a87098,cloning.ltda,available,34.99,34.99,high,low,7,namesilo,,,24/09/2026 15:52
91ab2898-3cc7-407f-ba8c-e26cc17e4e45,designed.ltda,available,42.98,46.98,high,low,8,namecheap,,,24/09/2026 06:34
bccebd56-f62c-4866-b6d4-be61c5db9eca,disney.ltda,available,34.99,34.99,high,high,6,namesilo,,,
b8e24e25-ebde-46af-b677-629da74c32de,abloom.ltda,available,34.99,34.99,medium,low,6,namesilo,,,
d15f110e-af48-4e4d-a848-17c166f1b3b2,dependence.ltda,available,34.99,34.99,medium,low,10,namesilo,,,17/09/2026 06:54
594456f6-58b4-4dc5-b6cb-494d2989fa4c,frontward.ltda,available,34.99,34.99,medium,low,9,namesilo,,,18/08/2026 12:50
0d42f739-fb87-44b8-a87e-4e895b6a0a84,freshly.ltda,available,34.99,34.99,high,low,7,namesilo,,,18/08/2026 15:18
79129204-9714-48a4-b56e-9e6054adb67c,mucky.ltda,available,34.99,34.99,medium,low,5,namesilo,,,10/08/2026 17:06
71c7e410-c796-49a8-9b62-778f90d6af50,arianrhod.ltda,available,42.98,46.98,medium,low,9,namecheap,,,20/09/2026 05:14
8d1b5a14-20f0-4981-961f-79646dff3e18,offering.ltda,premium,56.64,33.04,high,low,8,namesilo,,,25/09/2026 09:37
989dd845-3081-482c-b4ee-6bd64f44ed64,eliza.ltda,available,34.99,34.99,high,low,5,namesilo,,,
7344e1be-20a8-4248-8dcb-cd0fd9b71dc6,warrior.ltda,available,34.99,34.99,high,low,7,namesilo,,,27/09/2026 05:52
596fce26-58b5-4351-b0b1-ee567f2e925a,catherine.ltda,available,34.99,34.99,high,low,9,namesilo,,,25/09/2026 04:07
c92b4ef5-6aac-44ad-98b3-59aec536423f,battery.ltda,available,34.99,34.99,high,low,7,namesilo,,,20/09/2026 15:54
432f47bb-4ac7-4b8a-8579-c9d060f9b396,vulnerable.ltda,available,34.99,34.99,high,low,10,namesilo,,,13/09/2026 07:24
871d4953-3e43-4560-aa2a-4b1f434dfcfa,aluminous.ltda,available,34.99,34.99,medium,low,9,namesilo,,,
015a0e18-540f-4bce-8557-15250bb746ff,fool.ltda,available,34.99,34.99,medium,low,4,namesilo,,,12/08/2026 15:15
99ece3e6-6487-4993-8bb5-537e38996d85,ferrous.ltda,available,34.99,34.99,medium,low,7,namesilo,,,18/08/2026 02:09
d8afe736-4f69-4e36-946c-b9314a94c4ac,truant.ltda,available,34.99,34.99,high,low,6,namesilo,,,08/08/2026 01:41
eaa24aa7-5565-45be-b610-43acd00abf9e,pallid.ltda,available,34.99,34.99,medium,low,6,namesilo,,,04/09/2026 23:51
0abb7b66-9d14-4be7-979e-1fe49959750b,rhythm.ltda,available,34.99,34.99,high,low,6,namesilo,,,25/09/2026 22:02
afdff279-892a-4a01-b733-39bcabbc6e5f,narrowly.ltda,available,34.99,34.99,medium,low,8,namesilo,,,15/09/2026 16:08
27bd9f8c-3076-4188-b928-cf2c222e0411,malawian.ltda,available,34.99,34.99,medium,low,8,namesilo,,,24/08/2026 13:40
99b9b161-23f3-442f-ac64-51bd8cbb0d28,patent.ltda,available,34.99,34.99,high,low,6,namesilo,,,06/08/2026 05:19
6d666414-4c0d-488d-8c56-3fd9d2bfc8da,uranium.ltda,available,34.99,34.99,high,low,7,namesilo,,,21/09/2026 00:11
4a27a448-0d45-440c-814f-5cbf57b4c0a6,seize.ltda,available,42.98,46.98,high,low,5,namecheap,,,23/09/2026 20:08
b2a64fac-137c-40a8-8180-7c260d734362,whitewater.ltda,available,34.99,34.99,high,low,11,namesilo,,,
4aad7304-8c03-43da-9c79-4eec8d1b7b4e,though.ltda,available,42.98,46.98,medium,low,6,namecheap,,,16/09/2026 08:58
c7e8fddf-72c0-4509-a3ea-c2cd370beb21,antennaria.ltda,available,42.98,46.98,medium,low,10,namecheap,,,19/09/2026 12:52
7471e9c4-3380-4ed4-a625-f8688128bc63,abundance.ltda,available,42.98,46.98,high,low,9,namecheap,,,16/09/2026 19:01
14dc9f9a-daa4-4d99-8777-d0810ad9ce2b,libraries.ltda,available,34.99,34.99,medium,low,9,namesilo,,,20/09/2026 00:02
a99f0c1d-6ab4-449b-a4d5-cf9b775fc715,unbound.ltda,available,34.99,34.99,high,low,7,namesilo,,,12/09/2026 02:25
42deaf34-c53b-478b-943e-87d836655b6c,alinement.ltda,available,34.99,34.99,high,low,9,namesilo,,,18/09/2026 07:48
75388d2a-6e5c-4bb0-a52b-687774cdf622,comfort.ltda,available,34.99,34.99,high,low,7,namesilo,,,24/09/2026 16:25
f353c7e2-60e2-413e-9112-bf5e70c579bf,lucrative.ltda,available,34.99,34.99,high,low,9,namesilo,,,25/09/2026 15:34
8a3ee4a8-5c96-4005-9362-be6221e443bb,naval.ltda,available,34.99,34.99,high,low,5,namesilo,,,03/09/2026 14:07
10ee7d22-9ce4-43ca-bffb-be77862ae3a8,bragging.ltda,available,34.99,34.99,medium,low,8,namesilo,,,11/08/2026 00:54
defdeab3-fb8d-49ce-9cdb-24660b747420,salvation.ltda,available,30.18,30.18,high,low,9,dynadot,,,28/09/2026 03:00
b92246f6-dd5c-4efc-8449-30ff02105171,unsealed.ltda,available,42.98,46.98,medium,low,8,namecheap,,,12/09/2026 19:07
413908da-fa53-47dc-95ad-e34d8083b7e1,cloaked.ltda,available,34.99,34.99,high,low,7,namesilo,,,12/08/2026 11:28
85b6f1cc-e0a4-454f-b2d3-6256e6089822,partially.ltda,available,42.98,46.98,high,low,9,namecheap,,,15/09/2026 18:59
46334e58-fdee-4193-8112-662eeadf712d,acetal.ltda,available,34.99,34.99,medium,low,6,namesilo,,,16/09/2026 23:47
9a63cdaf-0909-441b-a67a-d5911941c7da,betwixt.ltda,available,34.99,34.99,medium,low,7,namesilo,,,14/09/2026 00:01
56a70b38-b000-4fb3-842f-b9e1867c1844,unforced.ltda,available,34.99,34.99,medium,low,8,namesilo,,,12/09/2026 05:40
9ba11599-94ba-4927-8365-9da759aae949,monster.ltda,premium,66.3,66.3,high,high,7,namecheap,,,23/09/2026 03:25
799e1ffe-c9e1-4e84-8fa4-0855bef40206,passion.ltda,available,34.99,34.99,high,low,7,namesilo,,,
25063020-17a8-4840-a7a3-7706fae4ec98,bigotry.ltda,available,34.99,34.99,medium,low,7,namesilo,,,23/09/2026 15:23
f03c8bf7-e595-48d5-8724-c5dbebbe241f,consulate.ltda,available,34.99,34.99,high,low,9,namesilo,,,24/09/2026 17:37
45d384dc-4dab-4644-9837-446fe1dbe7d5,wavering.ltda,available,34.99,34.99,medium,low,8,namesilo,,,13/09/2026 00:41
255fb4e7-c317-4eb9-a039-b3a645f3cef4,speeding.ltda,available,34.99,34.99,high,low,8,namesilo,,,25/09/2026 06:47
b4997042-d86f-40ce-8b77-7c474ff85cfa,ironed.ltda,available,34.99,34.99,medium,low,6,namesilo,,,22/08/2026 10:04
fa4b41b8-eb82-4146-b565-123396d820f9,cymry.ltda,available,34.99,34.99,medium,low,5,namesilo,,,13/09/2026 10:45
b5fb2853-a5ff-4924-b657-0d3a8b186a1c,beheading.ltda,available,34.99,34.99,medium,low,9,namesilo,,,23/09/2026 03:20
fd4ef25d-71f9-4268-af87-7bafec8bbe27,danny.ltda,available,34.99,34.99,medium,low,5,namesilo,,,25/09/2026 17:19
ed7775e5-9629-4425-b7c6-83dbc43dc880,broad.ltda,available,34.99,34.99,high,low,5,namesilo,,,19/09/2026 06:03
8429f67c-3d6f-40c8-a7e7-9150b9007681,infertile.ltda,available,34.99,34.99,medium,low,9,namesilo,,,22/08/2026 04:24
3f2f3077-5188-4411-961f-b9928c7cf52e,leopold.ltda,available,34.99,34.99,high,low,7,namesilo,,,25/09/2026 15:14
d245872e-eef3-404a-b993-71e9b6602959,fried.ltda,available,34.99,34.99,medium,low,5,namesilo,,,13/08/2026 22:34
8b6ef242-6f81-4c75-83c8-ada0dee7da6b,amusive.ltda,available,42.98,46.98,medium,low,7,namecheap,,,
2fcc9532-9488-49a4-a19b-ac264389d061,costumes.ltda,available,34.99,34.99,medium,low,8,namesilo,,,28/09/2026 05:07
e457c2f4-988f-478d-af7e-77831a283ef8,message.ltda,available,34.99,34.99,high,low,7,namesilo,,,08/09/2026 08:47
22189dc3-f779-496e-893a-aa87604a1781,emphatic.ltda,available,34.99,34.99,high,low,8,namesilo,,,16/08/2026 16:45
1b984c33-1cbe-4fef-aac4-d77601528a77,gilt.ltda,available,34.99,34.99,high,low,4,namesilo,,,18/08/2026 23:34
bdd1cb1c-aff9-4ffd-abdb-e24f4323e210,anomie.ltda,available,34.99,34.99,medium,low,6,namesilo,,,19/09/2026 11:29
c9063f3c-a47c-43a7-961d-71090392f939,vestal.ltda,available,34.99,34.99,medium,low,6,namesilo,,,13/09/2026 04:47
22299c68-c384-474a-b8ce-c19ec179158b,corrugated.ltda,available,34.99,34.99,medium,low,10,namesilo,,,13/08/2026 02:13
fb419d75-4cfd-4e23-9e9b-3f1cb2a7b61d,waking.ltda,available,34.99,34.99,high,low,6,namesilo,,,13/09/2026 07:47
406cf1eb-cbc2-459a-9f85-7aa4a6a4d853,provoke.ltda,available,34.99,34.99,high,low,7,namesilo,,,
fa899be9-b288-4073-b031-4d520367c9ab,pent.ltda,available,34.99,34.99,medium,low,4,namesilo,,,08/09/2026 14:42
9f106c01-b3a3-49cb-9907-df414f07c1fb,competition.ltda,available,34.99,34.99,high,low,11,namesilo,,,25/09/2026 16:42
cab5a6cd-8dc0-4da8-80d8-b6afa3a1f3e6,appear.ltda,available,34.99,34.99,high,low,6,namesilo,,,
c5458e42-ed3b-44d2-bff1-8d77a18f3d33,separation.ltda,available,34.99,34.99,high,low,10,namesilo,,,
dcb77113-eb49-4618-b39b-2acb4865c13b,idle.ltda,available,34.99,34.99,high,low,4,namesilo,,,08/08/2026 21:52
a63cd2d2-61c3-4926-b201-ff9a15125032,absinth.ltda,available,34.99,34.99,medium,low,7,namesilo,,,16/09/2026 17:44
35b91889-1b22-45ad-b560-ed3b1d7101ec,exec.ltda,available,34.99,34.99,high,low,4,namesilo,,,
d3f14b64-1fac-4713-ad04-c335d9bff73c,craven.ltda,available,34.99,34.99,medium,low,6,namesilo,,,13/08/2026 05:27
e3ec4e70-faa7-492b-9f38-e814cade1b05,nationally.ltda,available,34.99,34.99,high,low,10,namesilo,,,03/09/2026 13:44
ffc4da3b-ad5a-4b07-a75f-eb77b5872ac1,absorb.ltda,available,42.98,46.98,high,low,6,namecheap,,,10/09/2026 19:56
5b7c5c6d-9d54-454d-881d-3cd3d28b95e6,much.ltda,available,34.99,34.99,high,low,4,namesilo,,,25/09/2026 22:03
49fbc690-b115-4996-ba59-135f317f90f9,tattler.ltda,available,34.99,34.99,medium,low,7,namesilo,,,11/09/2026 10:30
52624499-911c-4bda-8882-7797a8bc0188,kit.ltda,available,34.99,34.99,high,low,3,namesilo,,,
175293d2-1b75-41ed-a6f4-c322bd4b9c6a,baruch.ltda,available,34.99,34.99,medium,low,6,namesilo,,,22/09/2026 09:33
0bb88bf7-bd85-4ccc-af0d-447a4dc13f79,hangout.ltda,premium,56.64,33.04,high,low,8,namesilo,,,
42de2d16-adb0-4aec-9d75-e3ac406f7b41,interpersonal.ltda,available,34.99,34.99,high,low,13,namesilo,,,
f13ec838-5edb-4654-a212-2013cff7721c,stove.ltda,available,42.98,46.98,high,low,5,namecheap,,,19/09/2026 18:48
be6188b6-78a1-42df-8f91-1b486860409e,perfection.ltda,available,34.99,34.99,high,low,10,namesilo,,,22/09/2026 22:03
f69e7e74-172f-4c8a-9f31-39f72c1e0a99,effeminate.ltda,available,34.99,34.99,medium,low,10,namesilo,,,12/08/2026 08:34
590fb9e3-6be5-49d2-b49c-8d31a616fb2a,lamely.ltda,available,34.99,34.99,low,low,6,namesilo,,,15/09/2026 10:37
928b7f0e-d4bb-44f7-bec8-0e39171656a1,saratoga.ltda,available,34.99,34.99,high,low,8,namesilo,,,21/09/2026 04:45
e8e987ed-f9e5-4b0c-a83d-b8e333110c2d,automat.ltda,available,34.99,34.99,high,low,7,namesilo,,,21/09/2026 06:52
52f0ac84-6fad-4d6b-a24b-7cb4e062ea79,astonished.ltda,available,34.99,34.99,high,low,10,namesilo,,,22/09/2026 03:35
ee55ec73-b82f-4a09-b7a3-75b316682908,apiece.ltda,available,34.99,34.99,medium,low,6,namesilo,,,14/08/2026 22:12
7e558e5c-0bdf-442e-af00-91f29e961344,anatoxin.ltda,available,34.99,34.99,medium,low,8,namesilo,,,19/09/2026 03:34
162d9c68-3db8-4c0f-9da9-520fc0e4e48b,pseud.ltda,available,34.99,34.99,medium,low,5,namesilo,,,09/09/2026 05:04
cda7619a-27b5-4a67-bf9f-dc5e673ec8d4,battue.ltda,available,34.99,34.99,medium,low,6,namesilo,,,22/09/2026 16:30
e5732595-2d1f-4a60-8797-32bd1b07b8b0,barbel.ltda,available,34.99,34.99,medium,low,6,namesilo,,,22/09/2026 04:47
bbe24956-196d-4884-b0c8-9494f7b56811,mentioning.ltda,available,42.98,46.98,medium,low,10,namecheap,,,17/09/2026 21:20
f0a28af2-3b67-4e61-8d2c-d3883e158747,executives.ltda,premium,56.64,33.04,high,low,10,namesilo,,,21/09/2026 01:35
e1a4e8be-dfbc-473a-9869-7f3b66f21bab,estado.ltda,available,46.98,,high,low,6,namecheap,,,
6479f648-262e-48b6-9775-e98fbc592e50,eighty.ltda,available,42.98,46.98,high,low,6,namecheap,,,
03ebdff7-bb89-4fbb-b4e1-fe252cff5547,unexampled.ltda,available,34.99,34.99,medium,low,10,namesilo,,,12/09/2026 09:24
40b39059-b955-49f4-8310-efa623c2d1a0,inspire.ltda,available,34.99,34.99,high,medium,7,namesilo,,,22/09/2026 04:50
23650e08-4e6b-409f-a1bf-80a853e44879,strikes.ltda,available,34.99,34.99,medium,low,7,namesilo,,,27/09/2026 09:13
c7037e7f-4b89-4421-85eb-bdba74aa837c,abstention.ltda,available,42.98,46.98,high,low,10,namecheap,,,16/09/2026 18:27
869b0308-4cbe-46ae-a52f-b01ac01159f6,stamps.ltda,available,29.35,30.16,medium,low,6,porkbun,,,28/09/2026 08:32
e62504b4-e9d9-405b-a09d-62949787fcc6,nightfall.ltda,available,34.99,34.99,high,low,9,namesilo,,,11/09/2026 21:44
e3281f00-cc2d-4965-9dbe-3c5ab57773a1,honeymooning.ltda,available,34.99,34.99,high,low,12,namesilo,,,21/09/2026 06:04
15696ee6-576c-4a4a-9a3a-a9efc8dde96d,aqueous.ltda,available,34.99,34.99,medium,low,7,namesilo,,,06/08/2026 10:50
e9deed86-5315-4ba2-b974-3617cec2b807,nocent.ltda,available,42.98,46.98,medium,low,6,namecheap,,,03/09/2026 18:02
977cedf8-8fb1-4d84-b129-c7fa6c792b8e,travels.ltda,available,34.99,34.99,high,low,7,namesilo,,,17/09/2026 06:44
07d66b53-edca-409a-9191-db784168afcd,elisabeth.ltda,available,42.98,46.98,high,low,9,namecheap,,,25/09/2026 14:58
605d467f-202a-4999-b4e6-d0b2fadfc1fc,outing.ltda,available,34.99,34.99,high,low,6,namesilo,,,
8f485e72-aeeb-4bde-bd96-b5aeb803aed1,pattern.ltda,available,34.99,34.99,high,low,7,namesilo,,,25/08/2026 02:49
df65671f-652e-4a92-a1a4-0495101d98c3,coruscant.ltda,available,34.99,34.99,medium,low,9,namesilo,,,
52024c6e-745c-4290-acda-6820a6883b99,alhakim.ltda,available,34.99,34.99,medium,low,8,namesilo,,,18/09/2026 00:38
1bbfcab5-4101-416f-8d6f-881a7b0e2db1,internets.ltda,available,34.99,34.99,medium,low,9,namesilo,,,28/09/2026 02:35
951320fb-e945-4c5d-97d4-412c09de71bd,altair.ltda,available,34.99,34.99,medium,low,6,namesilo,,,18/09/2026 14:31
4f639c25-8e42-445e-b941-9cfbb5f5feae,pudgy.ltda,available,34.99,34.99,medium,low,5,namesilo,,,08/09/2026 22:24
fdada9d9-0519-4827-b9c9-a886e911ca1e,heatless.ltda,available,34.99,34.99,medium,low,8,namesilo,,,21/08/2026 02:27
111f0e10-fc7d-4d32-945d-1f48d63e5616,toot.ltda,available,34.99,34.99,high,low,4,namesilo,,,23/09/2026 01:30
a4c3492a-d947-4ad2-be45-87b6f09934fb,ameer.ltda,available,42.98,46.98,medium,low,5,namecheap,,,18/09/2026 18:04
b79e09ac-a234-40b7-8e86-335837490c42,broadly.ltda,available,34.99,34.99,high,low,7,namesilo,,,
fff02e63-0645-4770-b154-40b9763c8d3a,nord.ltda,available,29.35,30.16,high,low,4,porkbun,,,27/09/2026 18:56
007fdd91-9e22-4f99-90aa-477f42b4c3c8,flowering.ltda,available,34.99,34.99,high,low,9,namesilo,,,18/08/2026 09:02
27d8b5cc-6874-4f00-8cb3-366432f4c524,apodemus.ltda,available,42.98,46.98,medium,low,8,namecheap,,,19/09/2026 18:19
81d44483-8df3-4456-973a-1ee1d1763249,instance.ltda,available,34.99,34.99,high,low,8,namesilo,,,25/09/2026 22:06
3353ae20-8436-461a-a675-7a55d2ea3f8e,rattle.ltda,available,34.99,34.99,high,low,6,namesilo,,,19/09/2026 15:18
97dc54da-a319-4896-a394-19fc5661a1db,alkyne.ltda,available,42.98,46.98,medium,low,6,namecheap,,,17/09/2026 00:25
6d675ef9-8354-484f-a40d-d4cb8ae96153,bedcover.ltda,available,34.99,34.99,high,low,8,namesilo,,,22/09/2026 22:53
ff01f298-82f5-4096-92b9-bb07aa4ab2ba,oldest.ltda,available,34.99,34.99,high,low,6,namesilo,,,
2eb8b25a-f455-44da-8ce8-608e08928fbb,doggo.ltda,available,34.99,34.99,medium,low,5,namesilo,,,14/09/2026 13:35
5c8e4111-b72b-475e-88a8-73fc64b775a0,willis.ltda,available,34.99,34.99,high,low,6,namesilo,,,25/09/2026 10:53
17dca86b-3c04-472b-9632-cff74d5b0480,boxy.ltda,available,34.99,34.99,high,low,4,namesilo,,,10/08/2026 23:58
c178efb4-562f-4bba-bd50-685a1a6918d1,composite.ltda,available,42.98,46.98,high,low,9,namecheap,,,23/09/2026 17:39
df61cfc1-89db-4c9c-b036-33d780ca3681,accusing.ltda,available,34.99,34.99,high,low,8,namesilo,,,
4c87e25b-c133-4c65-89f9-86c4cd3c98bf,holding.ltda,premium,56.64,33.04,high,low,7,namesilo,,,
f05a77f8-26ab-4bf0-9b62-e2d394cbb814,unopened.ltda,available,34.99,34.99,medium,low,8,namesilo,,,12/09/2026 16:14
b4036f91-9c8c-4eee-867a-206ac05c3d16,vehicles.ltda,available,42.98,46.98,medium,low,8,namecheap,,,16/09/2026 11:23
603c0356-a78f-49bf-81f9-f35650f590c5,biologist.ltda,available,42.98,46.98,high,low,9,namecheap,,,23/09/2026 18:26
f7d5fdaf-4867-416a-8ab2-fa4f00a1bcca,strait.ltda,available,34.99,34.99,medium,low,6,namesilo,,,10/09/2026 21:53
1c55e351-4c15-4884-ad27-e5a96f2fd142,controlled.ltda,available,34.99,34.99,high,low,10,namesilo,,,23/09/2026 22:39
97cc3901-1c01-47cc-887f-f692d2004105,biggish.ltda,available,42.98,46.98,medium,low,7,namecheap,,,09/08/2026 20:33
1fd1efb2-e0f7-4b34-a0b1-4e7844d4c4b7,overhanded.ltda,available,42.98,46.98,medium,low,10,namecheap,,,04/09/2026 20:12
acd84e0b-3824-4852-8cfb-7e14c3a9dab2,banter.ltda,available,30.18,30.18,high,low,6,dynadot,,,28/09/2026 07:57
7e3977b5-81ec-4727-9e1c-7132cdc63005,omani.ltda,available,34.99,34.99,high,low,5,namesilo,,,04/09/2026 02:24
aa98025c-0124-4eb9-9535-898500357a52,ohmic.ltda,available,34.99,34.99,medium,low,5,namesilo,,,04/09/2026 01:46
a5db3a4f-9a81-4f18-aba5-5ebf1b8643e0,sail.ltda,available,46.98,,high,low,4,namecheap,,,
4d6c6e9a-3d27-4966-9b68-b1a80473da80,reach.ltda,available,34.99,34.99,high,medium,5,namesilo,,,18/09/2026 16:46
dd86cd23-ba82-464e-bd1a-6971ae4a431b,parenting.ltda,available,34.99,34.99,high,low,9,namesilo,,,
02e42111-3cbf-4b83-a285-1b68a1398de8,anatolian.ltda,available,34.99,34.99,medium,low,9,namesilo,,,19/09/2026 03:29
f9bae82a-ccee-43c4-8bff-a1e5c5b03478,musical.ltda,available,42.98,46.98,high,low,7,namecheap,,,25/09/2026 19:12
1cccc6a6-62d2-4dc6-a3fc-2ed5d102caf0,taxi.ltda,premium,66.3,66.3,high,low,4,namecheap,,,24/09/2026 11:29
ed8b4f5d-a359-4e46-a2ad-2904b861a159,collide.ltda,available,34.99,34.99,high,low,7,namesilo,,,24/09/2026 15:18
d15a150f-0c75-4a52-ba67-aa36e47a302f,condolences.ltda,available,34.99,34.99,medium,low,11,namesilo,,,
018631ac-af60-4441-9746-45ed787b849b,commit.ltda,available,34.99,34.99,high,low,6,namesilo,,,
b457a243-65be-4618-bd35-eeb012f2f124,identity.ltda,premium,56.64,33.04,high,medium,8,namesilo,,,28/09/2026 04:14
77bb4c04-03be-4c80-9af0-a248d271ea84,pony.ltda,available,34.99,34.99,high,low,4,namesilo,,,
baeaa749-6b7f-4bc2-8b23-d4bccd58c13d,anova.ltda,available,34.99,34.99,high,low,5,namesilo,,,19/09/2026 01:59
0f4386e6-0cfa-4673-979a-e95c7deed34a,unalike.ltda,available,34.99,34.99,medium,low,7,namesilo,,,12/09/2026 00:26
5dd4aa05-5eb1-4918-8fcc-7e1308da4713,contractor.ltda,premium,56.64,33.04,high,low,10,namesilo,,,24/09/2026 17:45
006a4069-b1e2-4a5a-a18e-283969b29acc,plaster.ltda,available,34.99,34.99,medium,low,7,namesilo,,,17/09/2026 07:59
dfac501c-2dc2-48a2-81ac-bb863bfa7fca,draft.ltda,available,34.99,34.99,high,low,5,namesilo,,,23/09/2026 16:03
cfb5ed19-60ab-4d8a-9c60-7dc3b2b764ba,romantic.ltda,available,34.99,34.99,high,low,8,namesilo,,,22/09/2026 03:28
9d040492-160d-422c-8a72-aa25a35d04cb,hosts.ltda,available,34.99,34.99,medium,low,5,namesilo,,,18/09/2026 22:23
f878bf4b-87cd-4b3b-b886-c3181bac4154,endure.ltda,available,34.99,34.99,high,low,6,namesilo,,,11/08/2026 02:41
8976d9ea-8c01-439b-9382-1988d50dcc53,shaggy.ltda,available,34.99,34.99,medium,low,6,namesilo,,,11/08/2026 11:17
882dd2c3-752d-47f5-bbc9-b8f1437f77b9,offered.ltda,available,34.99,34.99,medium,low,7,namesilo,,,
91c1c6cd-f42e-443a-aa37-7703622120a1,frederick.ltda,available,55.99,55.99,high,low,9,godaddy,,,28/09/2026 01:56
0a722cfc-f3cb-4388-b73a-22725bacbdef,shelters.ltda,available,34.99,34.99,high,low,8,namesilo,,,20/09/2026 23:17
80d19060-c6a7-4b7f-83b9-d8f1e8a1b5bb,estimators.ltda,available,34.99,34.99,medium,low,10,namesilo,,,20/09/2026 23:34
e677e498-59fe-4dd4-876f-6fd8baa955f7,flowing.ltda,available,34.99,34.99,high,low,7,namesilo,,,18/08/2026 09:11
93bad46e-f2bb-4bbc-ae75-c93b8d5c73b2,after.ltda,available,34.99,34.99,high,low,5,namesilo,,,21/09/2026 22:16
d4d2d688-fbf6-4259-90ab-36e8a9945df3,bigger.ltda,available,42.98,46.98,high,low,6,namecheap,,,22/09/2026 20:34
4908e09c-59eb-479d-94c4-3028ce801cb9,ordinary.ltda,available,34.99,34.99,high,low,8,namesilo,,,26/09/2026 00:20
56a9c0bd-d474-4a39-b08d-bf6a15be76f0,smartly.ltda,available,34.99,34.99,high,low,7,namesilo,,,
e84dd4c7-eb8a-4dcb-bbd0-00569de16e0c,ontop.ltda,available,34.99,34.99,medium,low,6,namesilo,,,16/09/2026 09:10
6082c008-702e-40e1-a0c2-d301c0560310,vexing.ltda,available,34.99,34.99,medium,low,6,namesilo,,,
2da6ebde-0c2f-41b2-b932-f4c5fb0725c3,arachnid.ltda,available,34.99,34.99,medium,low,8,namesilo,,,19/09/2026 23:40
f7a16925-fb99-4fb6-b9a2-3e6d3743f029,had.ltda,available,34.99,34.99,high,low,3,namesilo,,,
8295b998-6cb7-4601-8441-3bf7bd3586ae,folk.ltda,available,34.99,34.99,high,low,4,namesilo,,,24/09/2026 16:32
34d21b9e-853e-4228-871a-4abde7dbd3cd,tamarack.ltda,available,42.98,46.98,medium,low,8,namecheap,,,18/09/2026 20:18
78122839-5cba-47c5-8138-2a851091a544,pyrenees.ltda,available,34.99,34.99,high,low,8,namesilo,,,
92c9fd30-8b4b-44a0-ba2b-361fb1c0d4d3,amorphous.ltda,available,34.99,34.99,medium,low,9,namesilo,,,
731322ca-8f86-447f-ae1f-1706e7022129,spartacus.ltda,available,34.99,34.99,high,low,9,namesilo,,,
833f2f89-df3c-452a-b801-4492df0a2b63,discus.ltda,available,34.99,34.99,high,low,6,namesilo,,,24/09/2026 22:35
929f606e-81dd-4bd0-8849-1c7e776db11f,affected.ltda,available,34.99,34.99,high,low,8,namesilo,,,
f01dd268-8504-4070-bec2-94880ea4749e,brassy.ltda,available,34.99,34.99,medium,low,6,namesilo,,,11/08/2026 02:33
a3611e5c-ce71-4630-b301-eabc96f516b9,calgary.ltda,available,34.99,34.99,high,low,7,namesilo,,,24/09/2026 11:43
46b36383-4c8c-4907-a741-4a93a2e31192,saloon.ltda,available,34.99,34.99,high,low,6,namesilo,,,22/09/2026 03:40
64d90817-f48c-4aab-b45f-cef7f43a082b,octavo.ltda,available,34.99,34.99,medium,low,6,namesilo,,,16/09/2026 12:43
a6ef2a64-6866-46e8-b20e-cf6f9237ded2,seagoing.ltda,available,34.99,34.99,medium,low,8,namesilo,,,04/09/2026 00:24
38620508-59ce-4489-b8f0-c7992f533d10,macarthur.ltda,available,42.98,46.98,high,low,9,namecheap,,,25/09/2026 20:07
1ffdf2fc-7b37-4ca4-ac01-a1e7fe1f8c48,wordy.ltda,available,34.99,34.99,medium,low,5,namesilo,,,24/08/2026 09:32
909e7175-f651-4128-9d05-14d346322f4a,cured.ltda,available,34.99,34.99,high,low,5,namesilo,,,13/08/2026 01:35
5540a4a2-e419-4839-b713-ca3c2abb74d1,bilingual.ltda,premium,60,35,high,low,9,name.com,,,09/08/2026 21:21
f607b46c-8546-436f-864e-5b4199cdb9d4,deepen.ltda,available,34.99,34.99,high,low,6,namesilo,,,12/08/2026 19:32
47a17269-6804-4ffe-be6f-a9970680e591,disbelief.ltda,available,34.99,34.99,high,low,9,namesilo,,,24/09/2026 22:29
b7b6dfd3-02fd-4252-8ce8-82816504dab5,laminar.ltda,available,42.98,46.98,high,low,7,namecheap,,,22/08/2026 19:07
48abb082-4569-4f39-9267-45d783b7bc87,compile.ltda,available,34.99,34.99,high,low,7,namesilo,,,08/09/2026 09:16
786657a6-a76b-453c-bd47-3b4e5260d153,exclusively.ltda,available,34.99,34.99,medium,low,11,namesilo,,,
66937a73-1f8d-4191-a340-a18e702b49cf,organize.ltda,available,34.99,34.99,high,low,8,namesilo,,,23/09/2026 23:13
db580ea2-5f4b-461d-b56f-6c5426e421f3,maximilian.ltda,available,34.99,34.99,high,low,10,namesilo,,,27/09/2026 07:16
c0ef9f4b-fa00-4772-b28f-f3cf76169882,petitioner.ltda,available,34.99,34.99,medium,low,10,namesilo,,,11/09/2026 03:30
6d0dc649-8b1f-49d5-9a3b-d4d09079edff,aviatrix.ltda,available,42.98,46.98,high,low,8,namecheap,,,17/09/2026 23:25
fa3cf4a7-4430-41b7-8a54-a9cae5ab35f8,laterally.ltda,available,34.99,34.99,medium,low,9,namesilo,,,15/09/2026 10:56
bc44dced-1619-41e0-80f6-fecb5be14d22,bravo.ltda,premium,56.64,33.04,high,medium,5,namesilo,,,
ecd423c5-7822-42a8-a8d9-ab1fe1dfc449,babe.ltda,available,34.99,34.99,high,low,4,namesilo,,,
f1099538-b4c9-4ec6-82be-553b5aeba283,supernatural.ltda,available,34.99,34.99,high,low,12,namesilo,,,
8ddb7102-53d7-4436-8dd8-3c6ab911537e,luxury.ltda,premium,56.64,33.04,high,low,6,namesilo,,,
7f1423c0-4242-4519-9cc4-f5c1d6e7c01a,slavelike.ltda,available,34.99,34.99,medium,low,9,namesilo,,,10/09/2026 10:32
f265aa81-5a37-456b-9071-846a16661f6e,beelzebub.ltda,available,42.98,46.98,medium,low,9,namecheap,,,23/09/2026 01:23
0da16c36-59e7-4332-9924-efec1b81a0b1,clay.ltda,available,34.99,34.99,high,low,4,namesilo,,,
707d0879-5e3a-4756-a20b-219df80d22dd,possibility.ltda,available,42.98,46.98,high,low,11,namecheap,,,25/09/2026 16:40
5bdd365d-2cc9-46bb-81c9-132ba7f0260d,abridged.ltda,available,34.99,34.99,high,low,8,namesilo,,,
e7511240-9ad5-4b62-8e95-ddf1b2e1e39a,metallic.ltda,available,34.99,34.99,high,low,8,namesilo,,,24/08/2026 21:34
a006fd86-e346-453f-b703-ac9888e759fe,lund.ltda,available,42.98,46.98,high,low,4,namecheap,,,25/09/2026 09:11